station_id,station_name,station_latitude,station_longitude
72,W 52 St & 11 Ave,40.76727216,-73.99392888
79,Franklin St & W Broadway,40.71911552,-74.00666661
82,St James Pl & Pearl St,40.71117416,-74.00016545
83,Atlantic Ave & Fort Greene Pl,40.68382604,-73.97632328
116,W 17 St & 8 Ave,40.74177603,-74.00149746
119,Park Ave & St Edwards St,40.69608941,-73.97803415
120,Lexington Ave & Classon Ave,40.68676793,-73.95928168
127,Barrow St & Hudson St,40.73172428,-74.00674436
128,MacDougal St & Prince St,40.72710258,-74.00297088
137,E 56 St & Madison Ave,40.761628,-73.972924
143,Clinton St & Joralemon St,40.69239502,-73.99337909
144,Nassau St & Navy St,40.69839895,-73.98068914
146,Hudson St & Reade St,40.71625008,-74.0091059
147,Greenwich St & Warren St,40.71542197,-74.01121978
150,E 2 St & Avenue C,40.7208736,-73.98085795
151,Cleveland Pl & Spring St,40.7218158,-73.99720307
151,Cleveland Pl & Spring St,40.722103786686034,-73.997249007225037
152,Warren St & Church St,40.71473993,-74.00910627
153,E 40 St & 5 Ave,40.75206231,-73.9816324
153,E 40 St & 5 Ave,40.752062307,-73.9816324043
157,Henry St & Atlantic Ave,40.69089272,-73.99612349
160,E 37 St & Lexington Ave,40.44535,-73.978238
160,E 37 St & Lexington Ave,40.748238,-73.978311
161,LaGuardia Pl & W 3 St,40.72917025,-73.99810231
164,E 47 St & 2 Ave,40.75323098,-73.97032517
167,E 39 St & 3 Ave,40.7489006,-73.97604882
168,W 18 St & 6 Ave,40.73971301,-73.99456405
173,Broadway & W 49 St,40.76064679,-73.98442659
173,Broadway & W 49 St,40.76068327096592,-73.9845272898674
174,E 25 St & 1 Ave,40.7381765,-73.97738662
195,Liberty St & Broadway,40.70905623,-74.01043382
212,W 16 St & The High Line,40.74334935,-74.00681753
216,Columbia Heights & Cranberry St,40.70037867,-73.99548059
217,Old Fulton St,40.70277159,-73.99383605
218,Gallatin Pl & Livingston St,40.69028437,-73.98707105
223,W 13 St & 7 Ave,40.73781509,-73.99994661
224,Spruce St & Nassau St,40.71146364,-74.00552427
225,W 14 St & The High Line,40.74195138,-74.00803013
228,E 48 St & 3 Ave,40.7546011,-73.97187886
228,E 48 St & 3 Ave,40.7546011026,-73.971878855
229,Great Jones St,40.72743423,-73.99379025
232,Cadman Plaza E & Tillary St,40.69597683,-73.99014892
233,Cadman Plaza W & Pierrepont St,40.694757013638771,-73.990527391433716
233,Joralemon St & Adams St,40.69246277,-73.98963911
233,Cadman Plaza W & Pierrepont St,40.69475701,-73.99052739
236,St Marks Pl & 2 Ave,40.7284186,-73.98713956
237,E 11 St & 2 Ave,40.73047309,-73.98672378
238,Bank St & Washington St,40.7361967,-74.00859207
239,Willoughby St & Fleet St,40.69196566,-73.9813018
241,DeKalb Ave & S Portland Ave,40.68981035,-73.97493121
242,Carlton Ave & Flushing Ave,40.697787,-73.973736
242,Flushing Ave & Carlton Ave,40.69788349,-73.97350332
243,Fulton St & Rockwell Pl,40.688226,-73.979382
243,Fulton St & Rockwell Pl,40.687979,-73.978474
244,Willoughby Ave & Hall St,40.69196035,-73.96536851
245,Myrtle Ave & St Edwards St,40.69327018,-73.97703874
247,Perry St & Bleecker St,40.73535398,-74.00483091
248,Laight St & Hudson St,40.72185379,-74.00771779
249,Harrison St & Hudson St,40.71870987,-74.0090009
250,Lafayette St & Jersey St,40.72456089,-73.99565293
250,Lafayette St & Jersey St N,40.72456089,-73.99565293
251,Mott St & Prince St,40.72317958,-73.99480012
252,MacDougal St & Washington Sq,40.73226398,-73.99852205
253,W 13 St & 5 Ave,40.73543934,-73.99453948
254,W 11 St & 6 Ave,40.73532427,-73.99800419
255,NYCBS Depot - SSP,40.646768,-74.01651
257,Lispenard St & Broadway,40.71939226,-74.00247214
258,DeKalb Ave & Vanderbilt Ave,40.68940747,-73.96885458
259,South St & Whitehall St,40.70122128,-74.01234218
260,Broad St & Bridge St,40.70365182,-74.01167797
261,Johnson St & Gold St,40.69474881,-73.98362464
262,Washington Park,40.69178232,-73.97372989
262,Washington Park,40.6917823,-73.9737299
263,Elizabeth St & Hester St,40.71729,-73.996375
263,Elizabeth St & Hester St,40.717590818059804,-73.996224403381348
264,Maiden Ln & Pearl St,40.70706456,-74.00731853
265,Stanton St & Chrystie St,40.72229346,-73.99147535
266,Avenue D & E 8 St,40.72368361,-73.97574813
267,Broadway & W 36 St,40.75097711,-73.98765428
268,Howard St & Centre St,40.71910537,-73.99973337
270,Adelphi St & Myrtle Ave,40.69308257,-73.97178913
271,Ashland Pl & Hanson Pl,40.685226719472553,-73.978001475334167
271,Ashland Pl & Hanson Pl,40.68528172,-73.97805813
274,Lafayette Ave & Fort Greene Pl,40.68691865,-73.976682
275,Washington Ave & Greene Ave,40.68650065,-73.96563307
276,Duane St & Greenwich St,40.71748752,-74.0104554
278,Concord St & Bridge St,40.69766564,-73.98476437
279,Sands St & Gold St,40.69986937,-73.98271933
279,Peck Slip & Front Street,40.707873,-74.00167
279,Peck Slip & Front St,40.707873,-74.00167
280,E 10 St & 5 Ave,40.73331967,-73.99510132
281,Grand Army Plaza & Central Park S,40.7643971,-73.97371465
282,Kent Ave & S 11 St,40.70827295,-73.96834101
282,Kent Ave & S 11 St,40.707644944175705,-73.968415260314941
284,Greenwich Ave & 8 Ave,40.7390169121,-74.0026376103
284,Greenwich Ave & 8 Ave,40.73901691,-74.00263761
285,Broadway & E 14 St,40.73454567,-73.99074142
289,Monroe St & Classon Ave,40.6845683,-73.95881081
290,2 Ave & E 58 St,40.76020258,-73.96478473
291,Madison St & Montgomery St,40.713126,-73.984844
293,Lafayette St & E 8 St,40.730206605299543,-73.991026282310486
293,Lafayette St & E 8 St,40.73028666,-73.9907647
294,Washington Square E,40.73049393,-73.9957214
295,Pike St & E Broadway,40.71406667,-73.99293911
296,Division St & Bowery,40.71413089,-73.9970468
297,E 15 St & 3 Ave,40.734232,-73.986923
298,3 Ave & Schermerhorn St,40.68683208,-73.9796772
300,Shevchenko Pl & E 6 St,40.728145,-73.990214
300,Shevchenko Pl & E 7 St,40.728145,-73.990214
301,E 2 St & Avenue B,40.72217444,-73.98368779
302,Avenue D & E 3 St,40.72082834,-73.97793172
303,Mercer St & Spring St,40.72362738,-73.99949601
304,Broadway & Battery Pl,40.70463334,-74.01361706
305,E 58 St & 3 Ave,40.76095756,-73.96724467
306,Cliff St & Fulton St_1,40.70823502,-74.00530063
306,Cliff St & Fulton St,40.70823502,-74.00530063
307,Canal St & Rutgers St,40.71427487,-73.98990025
308,St James Pl & Oliver St,40.71307916,-73.99851193
309,Murray St & West St,40.7149787,-74.013012
310,State St & Smith St,40.68926942,-73.98912867
311,Norfolk St & Broome St,40.7172274,-73.98802084
312,Allen St & Stanton St,40.722055,-73.989111
312,Allen St & E Houston St,40.722055,-73.989111
313,Washington Ave & Park Ave,40.69610226,-73.96751037
314,Cadman Plaza West & Montague St,40.69383,-73.990539
314,Montague St & Clinton St,40.69424674,-73.99215922
315,South St & Gouverneur Ln,40.70355377,-74.00670227
316,Fulton St & William St,40.70955958,-74.00653609
317,E 6 St & Avenue B,40.72453734,-73.98185424
318,E 43 St & Vanderbilt Ave,40.75320159,-73.9779874
319,Fulton St & Broadway,40.711066,-74.009447
319,Park Pl & Church St,40.71336124,-74.00937622
320,Leonard St & Church St,40.717571,-74.005549
320,Church St & Leonard St,40.71743998,-74.00583475
321,Cadman Plaza E & Red Cross Pl,40.69991755,-73.98971773
322,Clinton St & Tillary St,40.696192,-73.991218
323,Lawrence St & Willoughby St,40.69236178,-73.98631746
324,DeKalb Ave & Hudson Ave,40.689888,-73.981013
325,E 19 St & 3 Ave,40.73624527,-73.98473765
326,E 11 St & 1 Ave,40.72953837,-73.98426726
327,Vesey Pl & River Terrace,40.7153379,-74.01658354
328,Watts St & Greenwich St,40.72405549,-74.00965965
329,Greenwich St & N Moore St,40.72043411,-74.01020609
329,Greenwich St & North Moore St,40.720152270232852,-74.010365009307861
330,Reade St & Broadway,40.71450451,-74.00562789
331,Pike St & Monroe St,40.71173107,-73.99193043
332,Cherry St,40.71219906,-73.97948148
334,W 20 St & 7 Ave,40.74238787,-73.99726235
335,Washington Pl & Broadway,40.72903917,-73.99404649
336,Sullivan St & Washington Sq,40.73047747,-73.99906065
337,Old Slip & Front St,40.7037992,-74.00838676
339,Avenue D & E 12 St,40.72580614,-73.97422494
340,Madison St & Clinton St,40.71269042,-73.98776323
341,Stanton St & Mangin St,40.71782143,-73.97628939
342,Columbia St & Rivington St,40.71739973,-73.98016555
343,Clinton Ave & Flushing Ave,40.69794,-73.96986848
344,Monroe St & Bedford Ave,40.6851443,-73.95380904
345,W 13 St & 6 Ave,40.73649403,-73.99704374
346,Bank St & Hudson St,40.73652889,-74.00618026
347,Greenwich St & W Houston St,40.728846,-74.008591
347,W Houston St & Hudson St,40.72873888,-74.00748842
348,W Broadway & Spring St,40.72490985,-74.00154702
349,Rivington St & Ridge St,40.71850211,-73.98329859
350,Clinton St & Grand St,40.71559509,-73.9870295
351,Front St & Maiden Ln,40.70530954,-74.00612572
352,W 56 St & 6 Ave,40.76340613,-73.97722479
353,S Portland Ave & Hanson Pl,40.68539567,-73.97431458
354,Emerson Pl & Myrtle Ave,40.69363137,-73.96223558
355,Bayard St & Baxter St,40.71602118,-73.99974372
356,Bialystoker Pl & Delancey St,40.71622644,-73.98261206
357,E 11 St & Broadway,40.73261787,-73.99158043
358,Christopher St & Greenwich St,40.73291553,-74.00711384
359,E 47 St & Park Ave,40.75510267,-73.97498696
360,William St & Pine St,40.70717936,-74.00887308
361,Allen St & Hester St,40.71605866,-73.99190759
362,Broadway & W 37 St,40.75172632,-73.98753523
363,West Thames St,40.70834698,-74.01713445
364,Lafayette Ave & Classon Ave,40.68900443,-73.96023854
365,Fulton St & Grand Ave,40.68223166,-73.9614583
366,Clinton Ave & Myrtle Ave,40.693261,-73.968896
367,E 53 St & Lexington Ave,40.75828065,-73.97069431
368,Carmine St & 6 Ave,40.73038599,-74.00214988
369,Washington Pl & 6 Ave,40.73224119,-74.00026394
372,Franklin Ave & Myrtle Ave,40.694528,-73.958089
372,Franklin Ave & Myrtle Ave,40.694546087246025,-73.958013653755188
373,Willoughby Ave & Walworth St,40.69331716,-73.95381995
375,Mercer St & Bleecker St,40.72679454,-73.99695094
375,Mercer St & Bleecker St S,40.72679454,-73.99695094
376,John St & William St,40.70862144,-74.00722156
377,6 Ave & Canal St,40.72243797,-74.00566443
379,W 31 St & 7 Ave,40.749156,-73.9916
380,W 4 St & 7 Ave S,40.73401143,-74.00293877
382,University Pl & E 14 St,40.73492695,-73.99200509
383,Greenwich Ave & Charles St,40.735238,-74.000271
384,Fulton St & Washington Ave,40.683048,-73.964915
384,Fulton St & Waverly Ave,40.68317813,-73.9659641
385,E 55 St & 2 Ave,40.75797322,-73.96603308
386,Centre St & Worth St,40.71494807,-74.00234482
387,Centre St & Chambers St,40.71273266,-74.0046073
388,W 26 St & 10 Ave,40.74971775,-74.00295035
388,W 26 St & 10 Ave,40.749717753,-74.002950346
389,Broadway & Berry St,40.71044554,-73.96525063
390,Duffield St & Willoughby St,40.69221589,-73.9842844
391,Clark St & Henry St,40.69760127,-73.99344559
392,Jay St & Tech Pl,40.695065,-73.987167
393,E 5 St & Avenue C,40.72299208,-73.97995466
394,E 9 St & Avenue C,40.72521311,-73.97768752
395,Bond St & Schermerhorn St,40.68807003,-73.98410637
396,Lefferts Pl & Franklin Ave,40.680342423,-73.9557689392
396,Lefferts Pl & Franklin Ave,40.68034242,-73.95576894
397,Fulton St & Clermont Ave,40.68415748,-73.96922273
398,Atlantic Ave & Furman St,40.69165183,-73.9999786
399,Lafayette Ave & St James Pl,40.68851534,-73.9647628
400,Pitt St & Stanton St,40.71926081,-73.98178024
401,Allen St & Rivington St,40.72019576,-73.98997825
402,Broadway & E 22 St,40.7403432,-73.98955109
403,E 2 St & 2 Ave,40.72502876,-73.99069656
404,9 Ave & W 14 St,40.7405826,-74.00550867
405,Washington St & Gansevoort St,40.739323,-74.008119
406,Hicks St & Montague St,40.69512845,-73.99595065
407,Henry St & Poplar St,40.700469,-73.991454
408,Market St & Cherry St,40.71076228,-73.99400398
409,DeKalb Ave & Skillman St,40.6906495,-73.95643107
410,Suffolk St & Stanton St,40.72066442,-73.98517977
411,E 6 St & Avenue D,40.72228087,-73.97668709
412,Forsyth St & Canal St,40.7158155,-73.99422366
414,Pearl St & Anchorage Pl,40.70281858,-73.98765762
415,Pearl St & Hanover Square,40.7047177,-74.00926027
416,Cumberland St & Lafayette Ave,40.68753406,-73.97265183
417,Barclay St & Church St,40.71291224,-74.01020234
418,Front St & Gold St,40.70224,-73.982578
419,Carlton Ave & Park Ave,40.69580705,-73.97355569
420,Clermont Ave & Lafayette Ave,40.68764484,-73.96968902
421,Clermont Ave & Park Ave,40.69573398,-73.97129668
422,W 59 St & 10 Ave,40.770513,-73.988038
423,W 54 St & 9 Ave,40.76584941,-73.98690506
426,West St & Chambers St,40.71754834,-74.01322069
427,State St,40.70251526,-74.01427023
427,Bus Slip & State St,40.701907,-74.013942
428,E 3 St & 1 Ave,40.72467721,-73.98783413
430,York St & Jay St,40.7014851,-73.98656928
431,Hanover Pl & Livingston St,40.68864636,-73.98263429
432,E 7 St & Avenue A,40.72621788,-73.98379855
433,E 13 St & Avenue A,40.72955361,-73.98057249
434,9 Ave & W 18 St,40.74317449,-74.00366443
435,W 21 St & 6 Ave,40.74173969,-73.99415556
436,Hancock St & Bedford Ave,40.68216564,-73.95399026
437,Macon St & Nostrand Ave,40.6809833854,-73.9500479759
437,Macon St & Nostrand Ave,40.68098339,-73.95004798
438,St Marks Pl & 1 Ave,40.72779126,-73.98564945
439,E 4 St & 2 Ave,40.7262807,-73.98978041
440,E 45 St & 3 Ave,40.75255434,-73.97282625
441,E 52 St & 2 Ave,40.756014,-73.967416
442,W 27 St & 7 Ave,40.746647,-73.993915
443,Bedford Ave & S 9 St,40.70853074,-73.96408963
443,Bedford Ave & S 9th St,40.70853074,-73.96408963
444,Broadway & W 24 St,40.7423543,-73.98915076
445,E 10 St & Avenue A,40.72740794,-73.98142006
446,W 24 St & 7 Ave,40.74487634,-73.99529885
447,8 Ave & W 52 St,40.76370739,-73.9851615
448,W 37 St & 10 Ave,40.75660359,-73.9979009
449,W 52 St & 9 Ave,40.76461837,-73.98789473
450,W 49 St & 8 Ave,40.76227205,-73.98788205
453,W 22 St & 8 Ave,40.74475148,-73.99915362
454,E 51 St & 1 Ave,40.75455731,-73.96592976
455,1 Ave & E 44 St,40.75001986,-73.96905301
456,E 53 St & Madison Ave,40.7597108,-73.97402311
457,Broadway & W 58 St,40.76695317,-73.98169333
458,11 Ave & W 27 St,40.751396,-74.005226
459,W 20 St & 11 Ave,40.746745,-74.007756
460,S 4 St & Wythe Ave,40.71285887,-73.96590294
461,E 20 St & 2 Ave,40.73587678,-73.98205027
462,W 22 St & 10 Ave,40.74691959,-74.00451887
463,9 Ave & W 16 St,40.74206539,-74.00443172
464,E 56 St & 3 Ave,40.75934501,-73.96759673
465,Broadway & W 41 St,40.75513557,-73.98658032
466,W 25 St & 6 Ave,40.74395411,-73.99144871
467,Dean St & 4 Ave,40.68312489,-73.97895137
468,Broadway & W 55 St,40.7652654,-73.98192338
468,Broadway & W 56 St,40.7652654,-73.98192338
469,Broadway & W 53 St,40.76344058,-73.98268129
470,W 20 St & 8 Ave,40.74345335,-74.00004031
471,Grand St & Havemeyer St,40.71286844,-73.95698119
472,E 32 St & Park Ave,40.7457121,-73.98194829
473,Rivington St & Chrystie St,40.72110063,-73.9919254
474,5 Ave & E 29 St,40.7451677,-73.98683077
475,E 16 St & Irving Pl,40.73524276,-73.98758561
475,E 15 St & Irving Pl,40.73524276,-73.98758561
476,E 31 St & 3 Ave,40.74394314,-73.97966069
477,W 41 St & 8 Ave,40.75640548,-73.9900262
478,11 Ave & W 41 St,40.76030096,-73.99884222
479,9 Ave & W 45 St,40.76019252,-73.9912551
480,W 53 St & 10 Ave,40.76669671,-73.99061728
481,S 3 St & Bedford Ave,40.71260486,-73.96264403
482,W 15 St & 7 Ave,40.73935542,-73.99931783
483,E 12 St & 3 Ave,40.73223272,-73.98889957
484,W 44 St & 5 Ave,40.75500254,-73.98014437
485,W 37 St & 5 Ave,40.75038009,-73.98338988
486,Broadway & W 29 St,40.7462009,-73.98855723
487,E 20 St & FDR Drive,40.73314259,-73.97573881
488,W 39 St & 9 Ave,40.75645824,-73.99372222
489,10 Ave & W 28 St,40.75066386,-74.00176802
490,8 Ave & W 33 St,40.751551,-73.993934
491,E 24 St & Park Ave S,40.74096374,-73.98602213
492,W 33 St & 7 Ave,40.75019995,-73.99093085
493,W 45 St & 6 Ave,40.7568001,-73.98291153
493,W 45 St & 6 Ave (1),40.7568001,-73.98291153
494,W 26 St & 8 Ave,40.74734825,-73.99723551
495,W 47 St & 10 Ave,40.76269882,-73.99301222
496,E 16 St & 5 Ave,40.73726186,-73.99238967
497,E 17 St & Broadway,40.73704984,-73.99009296
498,Broadway & W 32 St,40.74854862,-73.98808416
499,Broadway & W 60 St,40.76915505,-73.98191841
500,Broadway & W 51 St,40.76228826,-73.98336183
501,FDR Drive & E 35 St,40.744219,-73.97121214
502,Henry St & Grand St,40.714215,-73.981346
503,E 20 St & Park Ave,40.73827428,-73.98751968
504,1 Ave & E 15 St,40.73221853,-73.98165557
504,1 Ave & E 16 St,40.73221853,-73.98165557
505,6 Ave & W 33 St,40.74901271,-73.98848395
507,E 25 St & 2 Ave,40.73912601,-73.97973776
508,W 46 St & 11 Ave,40.76341379,-73.99667444
509,9 Ave & W 22 St,40.7454973,-74.00197139
510,W 51 St & 6 Ave,40.7606597,-73.98042047
511,E 14 St & Avenue B,40.72938685,-73.97772429
512,W 29 St & 9 Ave,40.7500727,-73.99839279
513,W 56 St & 10 Ave,40.768254,-73.988639
514,12 Ave & W 40 St,40.76087502,-74.00277668
515,W 43 St & 10 Ave,40.76009437,-73.99461843
516,E 47 St & 1 Ave,40.75206862,-73.96784384
517,Pershing Square S,40.75149263,-73.97798848
517,Pershing Square South,40.751581,-73.97791
517,E 41 St & Madison Ave,40.752141,-73.979782
518,E 39 St & 2 Ave,40.74780373,-73.9734419
519,Pershing Square N,40.75188406,-73.97770164
519,E 42 St & Vanderbilt Ave,40.752416,-73.97837
519,Pershing Square North,40.751873,-73.977706
520,W 52 St & 5 Ave,40.75992262,-73.97648516
521,8 Ave & W 31 St,40.750967348715982,-73.994442075490952
521,8 Ave & W 31 St N,40.750967348715982,-73.994442075490952
521,8 Ave & W 31 St,40.75096735,-73.99444208
521,8 Ave & W 31 St,40.75044999,-73.99481051
522,E 51 St & Lexington Ave,40.75714758,-73.97207836
523,W 38 St & 8 Ave,40.75466591,-73.99138152
524,W 43 St & 6 Ave,40.75527307,-73.98316936
525,W 34 St & 11 Ave,40.75594159,-74.0021163
526,E 33 St & 5 Ave,40.74765947,-73.98490707
527,E 33 St & 2 Ave,40.744023,-73.976056
527,E 33 St & 1 Ave,40.74315566,-73.97434726
528,2 Ave & E 31 St,40.74290902,-73.97706058
529,W 42 St & 8 Ave,40.7575699,-73.99098507
530,11 Ave & W 59 St,40.771522,-73.990541
531,Forsyth St & Broome St,40.71893904,-73.99266288
532,S 5 Pl & S 4 St,40.710451,-73.960876
532,S 5 Pl & S 5 St,40.710451,-73.960876
533,Broadway & W 39 St,40.75299641,-73.98721619
533,Broadway & W 38 St,40.75299641,-73.98721619
534,Water - Whitehall Plaza,40.70255065,-74.0127234
536,1 Ave & E 30 St,40.74144387,-73.97536082
537,Lexington Ave & E 24 St,40.74025878,-73.98409214
538,W 49 St & 5 Ave,40.75795248,-73.97787642
538,E 48 St & Madison Ave,40.75666,-73.976684
539,Metropolitan Ave & Bedford Ave,40.71534825,-73.96024116
540,Lexington Ave & E 26 St,40.74147286,-73.98320928
540,Lexington Ave & E 29 St,40.743115553764859,-73.982153534889221
545,E 23 St & 1 Ave,40.736502,-73.97809472
546,E 30 St & Park Ave S,40.74444921,-73.98303529
2000,Front St & Washington St,40.70255088,-73.98940236
2001,7 Ave & Farragut St,40.69892054,-73.97332996
2001,Sands St & Navy St,40.699773,-73.979927
2002,Wythe Ave & Metropolitan Ave,40.716887,-73.963198
2003,1 Ave & E 18 St,40.733812191966315,-73.980544209480286
2003,1 Ave & E 18 St,40.73416059,-73.98024289
2003,1 Ave & E 18 St,40.73381219,-73.98054421
2004,6 Ave & Broome St,40.724399,-74.004704
2005,Railroad Ave & Kay Ave,40.70531194,-73.97100056
2006,Central Park S & 6 Ave,40.76590936,-73.97634151
2008,Little West St & 1 Pl,40.70569254,-74.01677685
2009,Catherine St & Monroe St,40.71117444,-73.99682619
2010,Grand St & Greene St,40.72165481,-74.00234737
2012,E 27 St & 1 Ave,40.739445,-73.976806
2017,E 43 St & 2 Ave,40.75022392,-73.97121414
2021,W 45 St & 8 Ave,40.75929124,-73.98859651
2022,E 60 St & York Ave,40.759107,-73.959223
2022,E 59 St & Sutton Pl,40.75849116,-73.95920622
2023,E 55 St & Lexington Ave,40.75968085,-73.97031366
3002,South End Ave & Liberty St,40.711512,-74.015756
3014,E.T. Bike-In Movie Valet Station,40.722852,-73.959114
3014,3969.TEMP (Bike The Branches - Central Branch),40.722852,-73.959114
3016,Mobile 01,40.771051856415305,-73.9643383026123
3016,Kent Ave & N 7 St,40.720367752984551,-73.961650729179382
3016,Kent Ave & N 7 St,40.720725534125947,-73.961259126663208
3017,NYCBS Depot - FAR,40.751483,-73.996764
3019,NYCBS Depot - DEL,40.716633,-73.981933
3036,8D OPS 01,40.684868747593931,-74.025449752807617
3036,8D OPS 01,40.880920555238767,-73.896601796150208
3039,NYCBS Depot - DYR,40.759088090712083,-73.993750512818224
3040,GOW Tech Shop,40.66979964220026,-73.994979858398438
3040,SSP Tech Workshop,40.646678,-74.016263
3041,Kingston Ave & Herkimer St,40.67890679,-73.94142771
3042,Fulton St & Utica Ave,40.6794268,-73.9298911
3043,Lewis Ave & Decatur St,40.6814598,-73.934903
3044,Albany Ave & Fulton St,40.6800105,-73.938475
3046,Marcus Garvey Blvd & Macon St,40.682601,-73.938037
3047,Halsey St & Tompkins Ave,40.6823687,-73.944118
3048,Putnam Ave & Nostrand Ave,40.68402,-73.94977
3049,Cambridge Pl & Gates Ave,40.68488,-73.96304
3050,Putnam Ave & Throop Ave,40.6851532,-73.94111
3052,Lewis Ave & Madison St,40.686312,-73.935775
3053,Marcy Ave & Lafayette Ave,40.6900815,-73.947915
3054,Greene Ave & Throop Ave,40.6894932,-73.942061
3055,Greene Ave & Nostrand Ave,40.6883337,-73.950916
3056,Kosciuszko St & Nostrand Ave,40.69072549,-73.95133465
3057,Kosciuszko St & Tompkins Ave,40.69128258,-73.9452416
3058,Lewis Ave & Kosciuszko St,40.69237074,-73.93705428
3059,Pulaski St & Marcus Garvey Blvd,40.6933982,-73.939877
3060,Willoughby Ave & Tompkins Ave,40.69425403,-73.94626915
3061,Throop Ave & Myrtle Ave,40.69622937,-73.94371094
3062,Myrtle Ave & Marcy Ave,40.69539817,-73.94954908
3063,Nostrand Ave & Myrtle Ave,40.69527008,-73.95238108
3064,Myrtle Ave & Lewis Ave,40.69681963,-73.93756926
3065,Union Ave & Wallabout St,40.70029511,-73.95032283
3066,Tompkins Ave & Hopkins St,40.69957608,-73.94708417
3067,Broadway & Whipple St,40.7016657,-73.9437303
3068,Humboldt St & Varet St,40.7031724,-73.940636
3069,Lorimer St & Broadway,40.70411791,-73.94818595
3070,McKibbin St & Manhattan Ave,40.70510918,-73.94407279
3071,Boerum St & Broadway,40.70538077,-73.94976519
3072,Leonard St & Boerum St,40.70583339,-73.94644578
3073,Division Ave & Hooper St,40.70691254,-73.95441667
3074,Montrose Ave & Bushwick Ave,40.70767788,-73.94016171
3075,Division Ave & Marcy Ave,40.70708701,-73.95796783
3076,Scholes St & Manhattan Ave,40.70870368,-73.9448625
3077,Stagg St & Union Ave,40.70877084,-73.95095259
3078,Broadway & Roebling St,40.709248262761569,-73.960631489753723
3078,Broadway & Roebling St,40.70925562,-73.95982218
3079,Leonard St & Grand St,40.71103537,-73.94714303
3080,S 4 St & Rodney St,40.70934,-73.95608
3081,Graham Ave & Grand St,40.711863,-73.944024
3082,Hope St & Union Ave,40.71167351,-73.95141312
3083,Bushwick Ave & Powers St,40.71247661,-73.94100005
3084,Devoe St & Leonard St,40.71348658,-73.94792458
3085,Roebling St & N 4 St,40.71469,-73.95739
3086,Graham Ave & Conselyea St,40.715143,-73.944507
3087,Metropolitan Ave & Meeker Ave,40.71413311,-73.95234386
3088,Union Ave & Jackson St,40.7160751,-73.952029
3089,Leonard St & Meeker Ave,40.717318403855785,-73.948202133178711
3090,N 8 St & Driggs Ave,40.71774592,-73.95600096
3091,Frost St & Meeker St,40.71764,-73.94882
3092,Berry St & N 8 St,40.7190095,-73.95852515
3093,N 6 St & Bedford Ave,40.71745169,-73.95850939
3094,Graham Ave & Withers St,40.7169811,-73.94485918
3095,Graham Ave & Herbert St,40.71929301,-73.94500379
3096,Union Ave & N 12 St,40.71924,-73.95242
3097,N Henry St & Richardson St,40.71921585,-73.9424469
3098,Leonard St & Bayard St,40.71928,-73.94861
3099,Leonard St & Manhattan Ave,40.721522403393031,-73.94898265600203
3100,Nassau Ave & Newell St,40.724812564400175,-73.947526216506958
3101,N 12 St & Bedford Ave,40.72079821,-73.95484712
3102,Driggs Ave & Lorimer St,40.72179134,-73.9504154
3103,N 11 St & Wythe Ave,40.72153267,-73.95782357
3104,Kent Ave & N 7 St,40.72057658,-73.96150225
3104,KentAve&N7 St,40.72057658,-73.96150225
3105,N 15 St & Wythe Ave,40.724055,-73.955736
3106,Driggs Ave & N Henry St,40.72325,-73.94308
3107,Bedford Ave & Nassau Ave,40.72311651,-73.95212324
3108,Nassau Ave & Russell St,40.72557,-73.94434
3109,Banker St & Meserole Ave,40.72606,-73.95621
3110,Meserole Ave & Manhattan Ave,40.72708584,-73.95299117
3111,Norman Ave & Leonard St,40.7258483,-73.95064893
3111,Norman Ave & Leonard St - 2,40.7258483,-73.95064893
3112,Milton St & Franklin St,40.72906,-73.95779
3113,Greenpoint Ave & Manhattan Ave,40.73026,-73.95394
3114,India St & East River,40.73165141,-73.96161892
3115,India St & Manhattan Ave,40.73232194,-73.9550858
3116,Huron St & Franklin St,40.73266,-73.95826
3117,Franklin St & Dupont St,40.73564,-73.95866
3118,McGuinness Blvd & Eagle St,40.73555,-73.95284
3119,Vernon Blvd & 50 Ave,40.74232744,-73.95411749
3120,Center BlvdÂ & Borden Ave,40.74161,-73.96044
3120,Center Blvd & Borden Ave,40.74161,-73.96044
3121,Jackson Ave & 46 Rd,40.74524768,-73.94733276
3122,48 Ave & 5 St,40.744363287066875,-73.9558732509613
3123,31 St & Thomson Ave,40.74469738,-73.93540375
3124,46 Ave & 5 St,40.74731,-73.95451
3125,45 Rd & 11 St,40.74708586,-73.94977234
3126,44 Dr & Jackson Ave,40.74718234,-73.9432635
3127,9 St & 44 Rd,40.74966,-73.9521
3128,21 St & 43 Ave,40.75052534,-73.94594845
3129,Queens Plaza North & Crescent St,40.75110165,-73.94073717
3130,21 St & Queens Plaza North,40.75325964,-73.94335788
3131,E 68 St & 3 Ave,40.76712840349542,-73.962246179580688
3132,E 59 St & Madison Ave,40.76350532,-73.97109243
3133,E 67 St & Lexington Ave,40.767342591432168,-73.9648586511612
3133,E 67 St & Park Ave,40.76735637,-73.96493528
3134,3 Ave & E 62 St,40.76312584,-73.96526895
3135,E 75 St & 3 Ave,40.77112927,-73.95772297
3136,5 Ave & E 63 St,40.766368,-73.971518
3136,5 Ave & E 63 St,40.76650452,-73.97147595
3137,5 Ave & E 73 St,40.77282817,-73.96685276
3138,E 77 St & Park Ave,40.774405455003,-73.961752653121934
3139,E 72 St & Park Ave,40.77122923,-73.96432627
3139,E 72 St & Park Ave,40.771182875406581,-73.964094221591949
3140,1 Ave & E 78 St,40.77140426,-73.9535166
3141,1 Ave & E 68 St,40.76500525,-73.95818491
3142,1 Ave & E 62 St,40.7612274,-73.96094022
3143,5 Ave & E 78 St,40.776828634399678,-73.963887691497789
3143,5 Ave & E 78 St,40.776321421822708,-73.964273929595947
3144,E 81 St & Park Ave,40.77677702,-73.9590097
3145,E 84 St & Park Ave,40.77862688,-73.95772073
3146,E 81 St & 3 Ave,40.77573034,-73.9567526
3147,E 85 St & 3 Ave,40.77801203,-73.95407149
3148,E 84 St & 1 Ave,40.77565541,-73.95068615
3149,E 82 St & 2 Ave,40.77517793,-73.95324922
3150,E 85 St & York Ave,40.77536905,-73.94803392
3151,E 81 St & York Ave,40.7728384,-73.94989233
3152,3 Ave & E 71 St,40.76873687,-73.96119945
3153,E 71 St & 2 Ave,40.768175467422452,-73.959102630615234
3154,E 77 St & 3 Ave,40.77314236,-73.95856158
3155,Lexington Ave & E 63 St,40.76440023,-73.96648977
3156,E 72 St & York Ave,40.76663814,-73.95348296
3157,East End Ave & E 86 St,40.77518615,-73.94446054
3158,W 63 St & Broadway,40.77163851,-73.98261428
3159,W 67 St & Broadway,40.77492513,-73.98266566
3160,Central Park West & W 76 St,40.77896784,-73.97374737
3161,W 76 St & Columbus Ave,40.7801839724239,-73.977285325527191
3162,W 78 St & Broadway,40.78339981,-73.98093133
3163,Central Park West & W 68 St,40.7734066,-73.97782542
3164,Columbus Ave & W 72 St,40.7770575,-73.97898475
3165,Central Park West & W 72 St,40.775793766836657,-73.9762057363987
3165,Central Park West & W 72 St,40.77575319,-73.97603963
3166,Riverside Dr & W 72 St,40.780577990103339,-73.985624313354492
3167,Amsterdam Ave & W 73 St,40.779668090073123,-73.980930447578416
3168,Central Park West & W 85 St,40.78472675,-73.96961715
3169,Riverside Dr & W 82 St,40.78720869,-73.98128127
3170,W 84 St & Columbus Ave,40.78499979,-73.97283406
3171,Amsterdam Ave & W 82 St,40.78524672,-73.97667321
3172,W 74 St & Columbus Ave,40.7785669,-73.97754961
3173,Riverside Blvd & W 67 St,40.777507027547976,-73.988885879516587
3175,W 70 St & Amsterdam Ave,40.77748046,-73.98288594
3176,W 64 St & West End Ave,40.77452835,-73.98753759
3177,W 84 St & Broadway,40.7867947,-73.977112
3178,Riverside Dr & W 78 St,40.78414472,-73.98362492
3179,Park Ave & Marcus Garvey Blvd,40.698617,-73.941342
3180,Brooklyn Bridge Park - Pier 2,40.69878,-73.99712
3181,Soissons Landing,40.692609,-74.016398
3182,Yankee Ferry Terminal,40.686931,-74.016966
3183,Exchange Place,40.7162469,-74.0334588
3184,Paulus Hook,40.7141454,-74.0335519
3185,City Hall,40.7177325,-74.043845
3186,Grove St PATH,40.71958611647166,-74.043117463588715
3186,Grove St PATH,40.719461094435466,-74.042943120002747
3186,Grove St PATH,40.7192789,-74.0424515
3187,Warren St,40.7211236,-74.03805095
3188,NJCU,40.7101087,-74.0858489
3191,Union St,40.7182113,-74.0836394
3192,Liberty Light Rail,40.7112423,-74.0557013
3195,Sip Ave,40.730742625306583,-74.063783884048462
3196,Riverview Park,40.7443187,-74.0439909
3197,North St,40.752559,-74.044725
3197,Hs Don't Use,40.719251707409889,-74.03423398733139
3197,Harborsid,40.719251707409889,-74.03423398733139
3198,Heights Elevator,40.748715945380226,-74.040443301200867
3198,Heights Elevator,40.7485362,-74.0403131
3199,Newport Pkwy,40.7287448,-74.0321082
3201,Dey St,40.737711,-74.066921
3202,Newport PATH,40.7272235,-74.0337589
3203,Hamilton Park,40.727595966,-74.044247311
3205,JC Medical Center,40.716539780991937,-74.0496379137039
3206,Hilltop,40.7311689,-74.0575736
3209,Brunswick St,40.7241765,-74.0506564
3211,Newark Ave,40.72152515,-74.046304543
3212,Christ Hospital,40.734785818,-74.050443636
3213,Van Vorst Park,40.71848892,-74.047726625
3214,Essex Light Rail,40.7127742,-74.0364857
3215,JSQ Don't Use,0.0,0.0
3219,NYCBS Depot - STY,40.729193,-73.976655
3220,5 Corners Library,40.734961020009514,-74.0595030784607
3221,47 Ave & 31 St,40.743,-73.93561
3222,Hanson Pl & St Felix St,40.685159599891776,-73.977113664150238
3223,E 55 St & 3 Ave,40.758996559605116,-73.968653976917267
3224,W 13 St & Hudson St,40.73997354103409,-74.005138725042343
3225,Baldwin at Montgomery,40.7236589,-74.0641943
3226,W 82 St & Central Park West,40.78275,-73.97137
3229,Marcy Ave & MacDonough St,40.680617684554512,-73.946249485015869
3230,Penn Station Valet,40.751283596962296,-73.99692445993422
3231,E 67 St & Park Ave,40.767800801481322,-73.965920805931091
3232,Bond St & Fulton St,40.689621887903328,-73.983042687177658
3233,E 48 St & 5 Ave,40.757245679117261,-73.978059142827988
3234,E 40 St & Madison Ave,40.751593684511114,-73.98043155670166
3235,E 41 St & Madison Ave,40.752165280621966,-73.979921936988816
3236,PABT Valet,40.758984813996342,-73.993799686431885
3236,W 42 St & Dyer Ave,40.758984813996342,-73.993799686431885
3237,21 St & 41 Ave,40.753833434376219,-73.942676782608018
3238,E 80 St & 2 Ave,40.773913902381182,-73.9543953537941
3239,Bressler,40.646538367096483,-74.016587734222412
3240,NYCBS Depot BAL - DYR,40.759030082196055,-73.993858695030212
3240,NYCBS Depot BAL - DYR,0.0,0.0
3241,Monroe St & Tompkins Ave,40.686203,-73.944694
3242,Schermerhorn St & Court St,40.691029256779679,-73.991833627223969
3243,E 58 St & 1 Ave,40.75892386377695,-73.962262272834778
3244,University Pl & E 8 St,40.73143724085228,-73.994903415441513
3245,Kiosk in a box Motivate,40.646677898897863,-74.016303420066833
3245,NYCBS DEPOT - DELANCEY,40.716444231344788,-73.9823305606842
3245,"Industry City, Building 1 Basement",40.655949177839751,-74.008358716964722
3246,Montague St & Clinton St,40.694281141397326,-73.99230033159256
3247,SSP - Basement,0.0,0.0
3248,LPI Facility,0.0,0.0
3249,Verona Pl & Fulton St,40.6803560840434,-73.9476791024208
3250,NYCBS Depot - PIT,40.716909780459652,-73.983837962150574
3252,Bike The Branches - Red Hook Branch,40.675349530674119,-74.010020345449448
3253,Bike The Branches - Central Branch,40.67280641227746,-73.968865871429443
3254,Soissons Landing,40.69231660719192,-74.014865756034851
3255,8 Ave & W 31 St,40.7505853470215,-73.9946848154068
3256,Pier 40 - Hudson River Park,40.7277140777778,-74.011295735836029
3257,Adventures NYC,40.773768670228741,-73.971169888973236
3258,W 27 St & 10 Ave,40.750181563256831,-74.002184271812439
3259,9 Ave & W 28 St,40.749370241932773,-73.999233841896057
3260,Mercer St & Bleecker St,40.727063633483063,-73.996621370315538
3263,Cooper Square & E 7 St,40.729236499100061,-73.990868031978607
3263,Cooper Square & Astor Pl,40.729514962249489,-73.990752696990967
3264,E 61 St & Park Ave,40.764210071690634,-73.969104588031769
3265,E 2 St & 2 Ave,40.7245634290432,-73.9894437789917
3266,Kiosk in a box Deployment,40.70861098096821,-73.92850399017334
3267,Morris Canal,40.7124188237569,-74.038525521755219
3268,Lafayette Park,40.71346382669195,-74.062858521938324
3270,Jersey & 6th St,40.725289107811321,-74.045571684837341
3272,Jersey & 3rd,40.723331586464361,-74.045952558517442
3273,Manila & 1st,40.721650724879986,-74.042884111404419
3275,Columbus Drive,40.718355198232139,-74.038914442062378
3276,Marin Light Rail,40.714824504192755,-74.042980670928955
3276,Marin Light Rail,40.714584035358932,-74.042817056179047
3277,Communipaw & Berry Lane,40.714358368704268,-74.066610932350159
3278,Monmouth and 6th,40.725685483629007,-74.048790335655212
3279,Dixon Mills,40.721630142638354,-74.04996782541275
3280,Astor Place,40.719282200707021,-74.071261882781982
3281,Leonard Gordon Park,40.74590996631558,-74.0572714805603
3282,5 Ave & E 88 St,40.78307,-73.95939
3283,W 89 St & Columbus Ave,40.7882213,-73.97041561
3284,E 88 St & Park Ave,40.781410700190015,-73.95595908164978
3285,W 87 St  & Amsterdam Ave,40.78839,-73.9747
3285,W 87 St & Amsterdam Ave,40.78839,-73.9747
3286,E 89 St & 3 Ave,40.7806284,-73.9521667
3287,W 87 St & West End Ave,40.790261,-73.977131
3288,E 88 St & 1 Ave,40.778301,-73.9488134
3289,W 90 St & Amsterdam Ave,40.790179480950812,-73.972889184951782
3290,E 89 St & York Ave,40.7779453,-73.946041
3291,Riverside Dr & W 91 St,40.7933718,-73.97685115
3292,5 Ave & E 93 St,40.7857851,-73.957481
3293,W 92 St & Broadway,40.7921,-73.9739
3294,E 91 St & Park Ave,40.7835016,-73.955327
3295,Central Park W & W 96 St,40.79127,-73.964839
3296,E 93 St & 2 Ave,40.782454175279874,-73.9489196240902
3297,6 St & 7 Ave,40.6686627,-73.97988067
3298,Warren St & Court St,40.686371,-73.99383324
3299,E 98 St & Park Ave,40.78813,-73.95206
3300,Prospect Park West & 8 St,40.66514681533792,-73.976376056671143
3301,Columbus Ave & W 95 St,40.7919557,-73.968087
3302,Columbus Ave & W 103 St,40.7969347,-73.9643412291
3303,Butler St & Court St,40.6849894,-73.99440329
3304,6 Ave & 9 St,40.668127,-73.98377641
3305,E 91 St & 2 Ave,40.781122299341661,-73.949655890464783
3306,10 St & 7 Ave,40.6662078,-73.98199886
3307,West End Ave & W 94 St,40.7941654,-73.974124
3308,Kane St & Clinton St,40.6861758,-73.99645295
3309,E 97 St & 3 Ave,40.7859201,-73.94860294
3310,14 St & 7 Ave,40.663779,-73.98396846
3311,Columbia St & Kane St,40.68763155,-74.0016256
3312,1 Ave & E 94 St,40.7817212,-73.94594
3313,6 Ave & 12 St,40.6663181,-73.9854617
3314,W 95 St & Broadway,40.7937704,-73.971888
3315,Henry St & Degraw St,40.6847514,-73.99917254
3316,W 104 St & Amsterdam Ave,40.7989937,-73.9662173778
3316,W 104 St & Amsterdam Ave - 1,40.7989937,-73.9662173778
3317,10 St & 5 Ave,40.6686273,-73.98700053
3318,2 Ave & E 96 St,40.7839636,-73.9471673
3319,14 St & 5 Ave,40.666287,-73.98895053
3320,Central Park West & W 100 St,40.793393,-73.9635556
3320,Central Park West & W 100 St,40.794066608185517,-73.962868452072144
3321,Clinton St & Union St,40.6831164,-73.99785267
3322,12 St & 4 Ave,40.668603,-73.9904394
3323,W 106 St & Central Park West,40.7981856,-73.9605909006
3324,3 Ave & 14 St,40.6685455,-73.99333264
3325,E 95 St & 3 Ave,40.7849032,-73.950503
3326,Clinton St & Centre St,40.67434,-74.00194698
3327,3 Ave & E 100 St,40.7877214,-73.94728331
3328,W 100 St & Manhattan Ave,40.795,-73.9645
3329,Degraw St & Smith St,40.6829151,-73.99318208
3330,Henry St & Bay St,40.6725058,-74.00494695
3331,Riverside Dr & W 104 St,40.8013434,-73.9711457439
3332,Degraw St & Hoyt St,40.681990442707026,-73.990790247917175
3333,Columbia St & Lorraine St,40.6747055,-74.0075572
3335,Union St & 4 Ave,40.6772744,-73.98282002
3336,E 97 St & Madison Ave,40.787801,-73.953559
3337,Dwight St & Van Dyke St,40.673635513415043,-74.011955559253693
3338,2 Ave & E 99 St,40.7862586,-73.94552579
3339,Berkeley Pl & 6 Ave,40.6765304,-73.97846879
3340,Wolcott St & Dwight St,40.6753274,-74.0100698
3341,Central Park West & W 102 St,40.795346,-73.96186
3342,Pioneer St & Richards St,40.6777748,-74.0094613
3343,W 107 St & Columbus Ave,40.7997568,-73.9621128676
3344,Pioneer St & Van Brunt St,40.679043,-74.011169
3345,Madison Ave & E 99 St,40.789485415532148,-73.952429294586182
3346,Berkeley Pl & 7 Ave,40.675146838709786,-73.975232094526291
3347,Van Brunt St & Wolcott St,40.6773429,-74.01275056
3348,Coffey St & Conover St,40.677236,-74.015665
3349,Grand Army Plaza & Plaza St West,40.6729679,-73.97087984
3350,W 100 St & Broadway,40.7973721,-73.97041192
3351,E 102 St & 1 Ave,40.7869946,-73.94164802
3352,Sigourney St & Columbia St,40.672672434109479,-74.0087952464819
3353,Reed St & Van Brunt St,40.6747844,-74.01612847
3354,3 St & Prospect Park West,40.668132,-73.97363831
3355,E 66 St & Madison Ave,40.768008893059474,-73.96845281124115
3356,Amsterdam Ave & W 66 St,40.7746671,-73.98470567
3357,W 106 St & Amsterdam Ave,40.8008363,-73.9664492472
3358,Garfield Pl & 8 Ave,40.6711978,-73.97484126
3359,E 68 St & Madison Ave,40.7691572,-73.96703464
3360,Amsterdam Ave & W 79 St,40.7829391,-73.9786517
3361,Carroll St & 6 Ave,40.6740886,-73.9787282
3362,Madison Ave & E 82 St,40.7781314,-73.96069399
3363,E 102 St & Park Ave,40.7904828,-73.95033068
3364,Carroll St & 5 Ave,40.6751622,-73.9814832
3365,3 St & 7 Ave,40.6703837,-73.97839676
3366,West End Ave & W 107 St,40.8021174,-73.9681805305
3367,5 Ave & E 103 St,40.7922553,-73.95249933
3368,5 Ave & 3 St,40.6728155,-73.98352355
3369,E 82 St & East End Ave,40.7724607,-73.9468208
3369,E 82 St & East End Ave,40.772460677893974,-73.946820795536041
3370,E 78 St & 2 Ave,40.7727966,-73.95577801
3370,78 St & 2 Ave,40.7727966,-73.95577801
3371,4 Ave & 2 St,40.674613422475815,-73.985011428594589
3372,E 74 St & 1 Ave,40.7689738,-73.95482273
3373,3 St & 3 Ave,40.6750705,-73.98775226
3374,Central Park North & Adam Clayton Powell Blvd,40.799484,-73.955613
3375,3 Ave & E 72 St,40.7699426,-73.96060712
3376,E 65 St & 2 Ave,40.764718519443392,-73.962220698595047
3377,Carroll St & Bond St,40.6786115,-73.99037292
3378,E 76 St & Park Ave,40.773763,-73.96222088
3379,E 103 St & Lexington Ave,40.7903051,-73.94755757
3381,3 St & Hoyt St,40.6777287,-73.99364123
3382,Carroll St & Smith St,40.680611,-73.99475825
3383,Cathedral Pkwy & Broadway,40.804213,-73.96699104
3384,Smith St & 3 St,40.6787242,-73.99599099
3385,2 Ave & E 105 St,40.7898175,-73.94296109
3386,1 Pl & Clinton St,40.6809591,-73.99905709
3387,E 106 St & Madison Ave,40.7934337,-73.94945003
3388,President St & Henry St,40.6828003,-73.99990419
3389,Carroll St & Columbia St,40.6830456,-74.00348559
3390,E 109 St & 3 Ave,40.79329668,-73.9432083
3391,E 106 St & 1 Ave,40.7892529,-73.93956237
3392,Commerce St & Van Brunt St,40.6812117,-74.00860912
3393,Richards St & Delavan St,40.6794327,-74.00785041
3394,Columbia St & W 9 St,40.6769993,-74.00647134
3395,Henry St & W 9 St,40.6763744,-74.00324957
3395,Henry St & W 9 St [old],40.6763744,-74.00324957
3396,Clinton St & 4 Place,40.6783563,-74.00014502
3397,Court St & Nelson St,40.6763947,-73.99869893
3398,Smith St & 9 St,40.6746957,-73.99785768
3399,7 St & 3 Ave,40.672602981501257,-73.989830017089844
3400,E 110 St & Madison Ave,40.7961535,-73.94782145
3401,2 Ave & 9 St,40.6724811,-73.99331394
3402,Court St & State St,40.6902375,-73.99203074
3403,4 Ave & 9 St,40.6705135,-73.98876585
3404,7 St & 5 Ave,40.6704922,-73.98541675
3405,5 St & 6 Ave,40.6704836,-73.98208968
3407,Union St & Nevins St,40.679097997216843,-73.987654745578766
3408,Congress St & Clinton St,40.6881529,-73.99520919
3409,Bergen St & Smith St,40.6867443,-73.99063168
3410,Dean St & Hoyt St,40.6864442,-73.98759104
3411,Bond St & Bergen St,40.6849668,-73.98620772
3412,Pacific St & Nevins St,40.6853761,-73.98302136
3413,Wyckoff St & 3 Ave,40.6827549,-73.98258555
3414,Bergen St & Flatbush Ave,40.680944723477296,-73.975673317909227
3415,Prospect Pl & 6 Ave,40.6793307,-73.97519523
3416,7 Ave & Park Pl,40.6776147,-73.97324283
3417,Baltic St & 5 Ave,40.6795766,-73.97854971
3418,Plaza St West & Flatbush Ave,40.6750207,-73.97111473
3419,Douglass St & 4 Ave,40.6792788,-73.98154004
3420,Douglass St & 3 Ave,40.6802133,-73.98432695
3421,Hoyt St & Warren St,40.6843549,-73.98901629
3422,Columbia St & Degraw St,40.6859296,-74.00242364
3423,West Drive & Prospect Park West,40.6610633719006,-73.979452550411224
3424,E 106 St & Lexington Ave,40.791976,-73.945993
3425,2 Ave & E 104 St,40.7892105,-73.94370784
3425,2 Ave  & E 104 St,40.7892105,-73.94370784
3426,JCBS Depot,40.709650833640609,-74.068601131439209
3427,Lafayette St & Jersey St,40.724305272503322,-73.996009826660156
3428,8 Ave & W 16 St,40.740983,-74.001702
3429,Hanson Pl & Ashland Pl,40.685068073081773,-73.977907598018632
3430,Richardson St & N Henry St,40.719078911795641,-73.94223690032959
3431,E 35 St & 3 Ave,40.746524,-73.977885
3432,Bike in Movie Night | Prospect Park Bandshell,40.662987,-73.976918
3432,NYCBS Depot - GOW,40.669060135011073,-73.994636535644531
3434,W 88 St & West End Ave,40.790254173304191,-73.977183401584611
3435,Grand St & Elizabeth St,40.718822,-73.99596
3436,Greenwich St & Hubert St,40.721319,-74.010065
3437,Riverside Dr & W 91 St,40.793134809866629,-73.977003693580627
3438,E 76 St & 3 Ave,40.772248537721744,-73.958421349525452
3440,Fulton St & Adams St,40.692418292578466,-73.989494740962982
3441,10 Hudson Yards,40.752957,-74.00264
3443,W 52 St & 6 Ave,40.76132983124814,-73.979820013046265
3445,Riverside Dr & W 89 St,40.791811715010972,-73.9786022901535
3447,E 71 St & 1 Ave,40.76703432309872,-73.95622730255127
3449,Eckford St & Engert Ave,40.721462562298164,-73.948009014129639
3450,Penn Station Valet - Valet Scan,40.7512836,-73.9969245
3452,Bayard St & Leonard St,40.719155716960437,-73.94885390996933
3453,Devoe St & Lorimer St,40.713352262228753,-73.9491033554077
3454,Leonard St & Maujer St,40.7103685423523,-73.947059512138367
3455,Schermerhorn St & 3 Ave,40.686808205034318,-73.980361819267273
3456,Jackson St & Leonard St,40.716380319735613,-73.948212862014771
3457,E 58 St & Madison Ave,40.763025942805193,-73.972095251083374
3458,W 55 St & 6 Ave,40.763093872707969,-73.9783501625061
3459,E 53 St & 3 Ave,40.757632277394428,-73.969305753707886
3461,Murray St & Greenwich St,40.714851505262516,-74.011223316192627
3462,E 44 St & 2 Ave,40.751183874632773,-73.971387147903442
3463,E 16 St & Irving Pl,40.735367055605394,-73.987973928451538
3464,W 37 St & Broadway,40.752270938374089,-73.987705707550049
3466,W 45 St & 6 Ave (OLD),40.756687206031792,-73.982577323913574
3466,W 45 St & 6 Ave,40.756687206031792,-73.982577323913574
3467,W Broadway & Spring Street,40.724946723594158,-74.00165855884552
3468,NYCBS Depot - STY - Garage 4,40.7303801,-73.9747502
3469,India St & West St,40.731814017209658,-73.95995020866394
3470,Gowanus Tech Station,40.669801930896163,-73.994904756546021
3470,Expansion Tech Station,40.669801930896163,-73.994904756546021
3471,NYCBS Depot - GOW Annex,40.668884157539388,-73.994813561439514
3472,W 15 St & 10 Ave,40.742753828659026,-74.007473587989807
3474,6 Ave & Spring St,40.7252556952547,-74.004120826721191
3476,Norman Ave & Leonard St,40.725769967272143,-73.9507395029068
3477,39 St & 2 Ave - Citi Bike HQ at Industry City,40.655399774478312,-74.010627865791321
3478,2 Ave & 36 St - Citi Bike HQ at Industry City,40.657088666684849,-74.008702039718628
3479,Picnic Point,40.685125595154148,-74.025353193283081
3480,WS Don't Use,0.0,0.0
3480,Washington Street (Don't Use),0.0,0.0
3481,York St,40.71649,-74.04105
3485,NYCBS Depot - RIS,40.725208,-73.974724
3486,Schermerhorn St & Bond St,40.688417427540834,-73.984516561031342
3487,Prototype Lab Motivate Headquarters,40.656595674820387,-74.008492827415466
3488,8D QC Station 01,45.506364054011385,-73.5694634914398
3489,Gold St & Frankfort St,40.710699946313873,-74.003541469573975
3490,E 116 St & 2 Ave,40.796879,-73.937261
3491,E 118 St & 1 Ave,40.79747,-73.93504
3492,E 118 St & Park Ave,40.8005385,-73.9419949
3493,E 118 St & 3 Ave,40.799139,-73.9389152
3494,E 115 St & Lexington Ave,40.797911,-73.9423
3495,E 114 St & 1 Ave,40.7945663,-73.9362541
3496,1 Ave & E 110 St,40.7923272,-73.9383
3497,Pleasant Ave & E 116 St,40.7949879,-73.9333349
3498,Pleasant Ave & E 120 St,40.7974772,-73.9311847
3499,2 Ave & E 122 St,40.8006721,-73.9349
3500,E 115 St & Madison Ave,40.7989445,-73.944846
3501,E 118 St & Madison Ave,40.8014866,-73.9442507
3502,Lexington Ave & E 111 St,40.7954121,-73.9441232
3503,Madison Ave & E 120 St,40.80295,-73.942954
3504,E 123 St & Lexington Ave,40.8029263,-73.9379
3505,Lexington Ave & E 127 St,40.805726,-73.936322
3506,Lexington Ave & E 120 St,40.8013066,-73.9398167
3507,Park Ave & E 124 St,40.8045555,-73.9396861
3508,St Nicholas Ave & Manhattan Ave,40.809725,-73.953149
3509,Lenox Ave & W 115 St,40.8011939,-73.9500739
3510,Adam Clayton Powell Blvd & W 123 St,40.8078316,-73.949373
3511,Adam Clayton Powell Blvd & W 115 St,40.802535,-73.9532423
3512,27 Ave & 4 St,40.7747175,-73.9337894
3513,21 St & Hoyt Ave S,40.774645,-73.923706
3514,Astoria Park S & Shore Blvd,40.7767,-73.927631
3515,24 Ave & 26 St,40.774591,-73.918544
3516,31 St & Astoria Blvd,40.7699176,-73.9184057
3517,31 St & Hoyt Ave N,40.7711528,-73.9170074
3518,Lenox Ave & W 126 St,40.808442,-73.9452087
3520,Adam Clayton Powell Blvd & W 118 St,40.804372,-73.951475
3521,Lenox Ave & W 111 St,40.7987859,-73.9523
3522,37 St & 24 Ave,40.7701477,-73.9120938
3523,24 Ave & 29 St,40.7729,-73.916142
3524,19 St & 24 Ave,40.7774552,-73.9225403
3525,23 Ave & 27 St,40.776165,-73.9153175
3526,31 St & 23 Ave,40.7747878,-73.9125551
3527,5 Ave & E 126 St,40.80698,-73.941747
3528,Steinway St & 23 Ave,40.7713937,-73.9077436
3529,Lenox Ave & W 130 St,40.8107922,-73.9430681
3530,Crescent St & Ditmars Blvd,40.7787185,-73.9145645
3531,Frederick Douglass Blvd & W 129 St,40.8125511,-73.9492286
3532,Ditmars Blvd & 19 St,40.78145,-73.9183302
3533,St. Nicholas Ave & W 126 St,40.8114323,-73.9518776
3534,Frederick Douglass Blvd & W 117 St,40.805159,-73.954692
3535,Mt Morris Park W & W 120 St,40.804038,-73.945925
3536,W 116 St & Broadway,40.8082,-73.9641
3537,Carlton Ave & Dean St,40.6809741,-73.9710097
3538,W 110 St & Amsterdam Ave,40.802692,-73.96295
3539,W 116 St & Amsterdam Ave,40.8067581,-73.9607082
3540,Morningside Ave & W 123 St,40.81,-73.9551508
3541,Amsterdam Ave & W 125 St,40.813358,-73.956461
3542,Amsterdam Ave & W 119 St,40.8086249,-73.9596214
3543,Morningside Dr & Amsterdam Ave,40.810285063060029,-73.957364559173584
3544,Underhill Ave & Pacific St,40.6804836,-73.9646795
3545,Broadway & W 122 St,40.8120562,-73.9612547
3546,Pacific St & Classon Ave,40.6791944,-73.9587903
3547,Broadway & Moylan Pl,40.8143256,-73.9590255
3548,Pacific St & Bedford Ave,40.6777747,-73.9529322
3549,Grand Ave & Bergen St,40.678045,-73.962408
3550,Convent Ave & W 129 St,40.81413,-73.953005
3551,3 Ave & E 112 St,40.795508,-73.941606
3552,W 113 St & Broadway,40.805973,-73.964928
3553,Frederick Douglass Blvd & W 112 St,40.801694,-73.957145
3554,Vernon Blvd & 41 Rd,40.7552433,-73.9485678
3555,28 St & 41 Ave,40.751047,-73.93797
3556,24 St & 41 Ave,40.7527085,-73.9397405
3557,40 Ave & 9 St,40.75742,-73.945133
3558,Bergen St & Vanderbilt Ave,40.6794388,-73.9680438
3559,21 St & 38 Ave,40.7576314,-73.9391224
3560,28 St & 38 Ave,40.754876,-73.934326
3561,37 Ave & 35 St,40.7531106,-73.9279917
3562,Classon Ave & St Marks Ave,40.6765198,-73.9596082
3563,28 St & 36 Ave,40.757186,-73.932719
3564,21 St & 36 Ave,40.7601853,-73.9362726
3565,36 Ave & 10 St,40.7614376,-73.9411265
3566,Crescent St & 35 Ave,40.7596276,-73.9321455
3567,11 St & 35 Ave,40.7627442,-73.9391141
3568,34 St & 35 Ave,40.7569332,-73.9262231
3569,Franklin Ave & St Marks Ave,40.6758324,-73.9561677
3570,35 Ave & 37 St,40.7557327,-73.9236611
3571,Bedford Ave & Bergen St,40.676368,-73.952918
3572,34 Ave & 38 St,40.756913,-73.921631
3573,35 St & 34 Ave,40.7580583,-73.9242751
3574,Prospect Pl & Underhill Ave,40.6769694,-73.96579
3575,Crescent St & 34 Ave,40.76108,-73.930562
3576,Park Pl & Vanderbilt Ave,40.6767,-73.969024
3577,34 Ave & 21 St,40.7628138,-73.9342862
3578,Park Pl & Franklin Ave,40.6741806,-73.9564947
3579,Sterling Pl & Bedford Ave,40.672695,-73.954131
3580,St Johns Pl & Washington Ave,40.6737236,-73.9631611
3581,Underhill Ave & Lincoln Pl,40.6740123,-73.9671457
3582,Lincoln Pl & Classon Ave,40.6721683,-73.9609
3583,Eastern Pkwy & Washington Ave,40.6716493,-73.9631145
3584,Eastern Pkwy & Franklin Ave,40.6707767,-73.9576801
3585,Union St & Bedford Ave,40.6691783,-73.9554162
3586,34 Ave & 13 St,40.7638753,-73.9364848
3587,Carroll St & Washington Ave,40.6686744,-73.9618148
3588,Vernon Blvd & 10 St,40.7671863,-73.9373554
3589,Broadway & 12 St,40.7668,-73.9347774
3590,Carroll St & Franklin Ave,40.6679411,-73.9588
3591,21 St & 31 Dr,40.7659,-73.930819
3592,Crescent St & Broadway,40.7633589,-73.9286471
3593,31 St & Broadway,40.761584,-73.925921
3594,Montgomery St & Franklin Ave OLD,40.6661649,-73.9593484
3595,35 St & Broadway,40.760339,-73.9222427
3596,Sullivan Pl & Bedford Ave,40.6642406,-73.9574686
3597,43 St & Broadway,40.7577284,-73.9166368
3598,Newton Rd & 44 St,40.7595701,-73.9142678
3599,Franklin Ave & Empire Blvd,40.66314,-73.9605695
3601,Sterling St & Bedford Ave,40.6627059,-73.9569115
3602,31 Ave & 34 St,40.763154,-73.920827
3603,31 Ave & 30 St,40.7647,-73.9240312
3604,Rogers Ave & Sterling St,40.6630619,-73.9538746
3605,31 Ave & Crescent St,40.7658346,-73.9265474
3606,49 Ave & 21 St,40.74252,-73.948852
3607,31 Ave & 14 St,40.7682,-73.9322662
3608,5 St & 51 Ave,40.7423737,-73.9566
3609,Vernon Blvd & 31 Ave,40.7692475,-73.9354504
3610,Vernon Blvd & 30 Rd,40.770845,-73.934171
3611,Vernon Blvd & 47 Rd,40.7449067,-73.9534573
3612,30 Ave & 21 St,40.7703743,-73.9286078
3613,Center Blvd & 48 Ave,40.745038,-73.957539
3614,Crescent St & 30 Ave,40.768692,-73.9249574
3615,44 Dr & 21 St,40.748,-73.9460927
3616,Steinway St & 28 Ave,40.7656251,-73.9136695
3617,28 Ave & 35 St,40.7671,-73.9169858
3618,27 St & Hunter St,40.7485,-73.941275
3619,Newtown Ave & 23 St,40.7713615,-73.9246145
3620,11 St & 43 Ave,40.7519071,-73.9479119
3621,27 Ave & 9 St,40.7739825,-73.9309134
3622,E 128 St & Madison Ave,40.80756,-73.939182
3623,W 120 St & Claremont Ave,40.8109494,-73.9634
3625,28 St & 40 Ave,40.7525758,-73.9364281
3628,Lenox Ave & W 117 St,40.8025566,-73.9490782
3629,Adam Clayton Powell Blvd & W 126 St,40.809495347779475,-73.947764933109283
3631,Crown St & Bedford Ave,40.666563,-73.956741
3632,E 12 St & Avenue B,40.728048571362606,-73.978811502456665
3633,333 Johnson TEST 1,0.0,0.0
3635,W 36 St & 9 Ave,40.754623240291053,-73.99516761302948
3636,Expansion Warehouse 333 Johnson Ave,40.707731483954696,-73.934522867202759
3637,Fulton St & Waverly Ave,40.683238654603414,-73.965995907783508
3639,Harborside,40.7192517,-74.034234
3641,Broadway & W 25 St,40.742868773121117,-73.98918628692627
3642,E 98 St & Lexington Ave,40.787285198609517,-73.950122594833374
3643,E 41 St & 5 Ave,40.752722013811884,-73.981236219406128
3644,Van Dyke St & Van Brunt St,40.675816225228317,-74.01488184928894
3645,Pathmark Depot,40.672332671897109,-73.997061252594
3646,35 Ave & 10 St,40.763154819103733,-73.939855098724365
3647,48 Ave & 30 Pl,40.741283093559929,-73.937258720397935
3648,Flushing Ave & Vanderbilt Ave,40.697950315695444,-73.970775604248047
3649,W 129 St & Convent Ave,40.814394437915816,-73.953247368335724
3650,8D Mobile 01,45.505850638767228,-73.569109439849854
3650,8D Mobile 01,45.506264191001193,-73.568905591964722
3652,NYCBS Depot - 3AV,40.670133282374,-73.9923083782196
3653,31 St & 35 Ave,40.758204646967577,-73.928321599960327
3654,31 St & Northern Blvd,40.751869514218747,-73.933492898941026
3656,E 2 St & Avenue A,40.723077490686727,-73.985836207866669
3658,W 18 St & 9 Ave,40.7435337324616,-74.003675580024719
3659,W 17 St & 9 Ave,40.742948916600909,-74.004136919975281
3660,W 16 St & 8 Ave,40.741021509002664,-74.001384973526
3661,Montgomery St & Franklin Ave,40.666439306870814,-73.9605563879013
3662,31 Ave & Steinway St,40.761293897289086,-73.916916847229
3663,Sterling Pl & 7 Ave,40.677164894690591,-73.973827958107
3664,North Moore St & Greenwich St,40.720195214374648,-74.0103006362915
3666,32 St & 30 Ave,40.766425527028794,-73.920629024505615
3668,Leonard St & Nassau Ave,40.7239567849954,-73.949843645095825
3669,Henry St & W 9 St,40.67630357634183,-74.003140479326248
3671,E 81 St & 2 Ave,40.774779448957275,-73.954274654388428
3672,Apache,40.669767091850026,-73.994743824005127
3673,Dean St & Franklin Ave,40.677592069373759,-73.955637216568
3674,Jay St & York St,40.701403172577244,-73.986726701259613
3675,3 Ave & E 95 St,40.784596798848916,-73.949685394763947
3676,Van Brunt St & Van Dyke St,40.6758329439129,-74.014726281166077
3680,E 43 St & 5 Ave,40.754120810779256,-73.980251848697662
3681,Grand St,40.715177677320291,-74.037683308124542
3683,Smart Cities Conference,40.710154710949119,-73.984535336494432
3684,W 12 St & W 4 St,40.737561211811368,-74.003982692956924
3685,Prospect Park - 5 Year Anniversary Celebration,40.66065236872916,-73.9645904302597
3686,Gansevoort St & Hudson St,40.739448201304036,-74.005070328712463