,station_id,station_name,station_latitude,station_longitude,num_trips
0,72,W 52 St & 11 Ave,40.76727216,-73.99392888,227
1,79,Franklin St & W Broadway,40.71911552,-74.00666661,155
2,82,St James Pl & Pearl St,40.71117416,-74.00016545,60
3,83,Atlantic Ave & Fort Greene Pl,40.68382604,-73.97632328,102
4,116,W 17 St & 8 Ave,40.74177603,-74.00149746,0
5,119,Park Ave & St Edwards St,40.69608941,-73.97803415,22
6,120,Lexington Ave & Classon Ave,40.68676793,-73.95928168,38
7,127,Barrow St & Hudson St,40.73172428,-74.00674436,382
8,128,MacDougal St & Prince St,40.72710258,-74.00297088,384
9,137,E 56 St & Madison Ave,40.761628,-73.972924,0
10,143,Clinton St & Joralemon St,40.69239502,-73.99337909,147
11,144,Nassau St & Navy St,40.69839895,-73.98068914,34
12,146,Hudson St & Reade St,40.71625008,-74.0091059,191
13,147,Greenwich St & Warren St,40.71542197,-74.01121978,0
14,150,E 2 St & Avenue C,40.7208736,-73.98085795,169
15,151,Cleveland Pl & Spring St,40.7218158,-73.99720307,441
16,151,Cleveland Pl & Spring St,40.722103786686034,-73.99724900722504,441
17,152,Warren St & Church St,40.71473993,-74.00910627,0
18,153,E 40 St & 5 Ave,40.75206231,-73.9816324,0
19,153,E 40 St & 5 Ave,40.752062307,-73.9816324043,0
20,157,Henry St & Atlantic Ave,40.69089272,-73.99612349,107
21,160,E 37 St & Lexington Ave,40.44535,-73.978238,0
22,160,E 37 St & Lexington Ave,40.748238,-73.978311,0
23,161,LaGuardia Pl & W 3 St,40.72917025,-73.99810231,335
24,164,E 47 St & 2 Ave,40.75323098,-73.97032517,204
25,167,E 39 St & 3 Ave,40.7489006,-73.97604882,340
26,168,W 18 St & 6 Ave,40.73971301,-73.99456405,473
27,173,Broadway & W 49 St,40.76064679,-73.98442659,487
28,173,Broadway & W 49 St,40.76068327096592,-73.9845272898674,487
29,174,E 25 St & 1 Ave,40.7381765,-73.97738662,237
30,195,Liberty St & Broadway,40.70905623,-74.01043382,305
31,212,W 16 St & The High Line,40.74334935,-74.00681753,371
32,216,Columbia Heights & Cranberry St,40.70037867,-73.99548059,52
33,217,Old Fulton St,40.70277159,-73.99383605,188
34,218,Gallatin Pl & Livingston St,40.69028437,-73.98707105,0
35,223,W 13 St & 7 Ave,40.73781509,-73.99994661,274
36,224,Spruce St & Nassau St,40.71146364,-74.00552427,0
37,225,W 14 St & The High Line,40.74195138,-74.00803013,0
38,228,E 48 St & 3 Ave,40.7546011,-73.97187886,206
39,228,E 48 St & 3 Ave,40.7546011026,-73.971878855,206
40,229,Great Jones St,40.72743423,-73.99379025,472
41,232,Cadman Plaza E & Tillary St,40.69597683,-73.99014892,65
42,233,Cadman Plaza W & Pierrepont St,40.69475701363877,-73.99052739143372,0
43,233,Joralemon St & Adams St,40.69246277,-73.98963911,0
44,233,Cadman Plaza W & Pierrepont St,40.69475701,-73.99052739,0
45,236,St Marks Pl & 2 Ave,40.7284186,-73.98713956,252
46,237,E 11 St & 2 Ave,40.73047309,-73.98672378,292
47,238,Bank St & Washington St,40.7361967,-74.00859207,0
48,239,Willoughby St & Fleet St,40.69196566,-73.9813018,178
49,241,DeKalb Ave & S Portland Ave,40.68981035,-73.97493121,89
50,242,Carlton Ave & Flushing Ave,40.697787,-73.973736,87
51,242,Flushing Ave & Carlton Ave,40.69788349,-73.97350332,87
52,243,Fulton St & Rockwell Pl,40.688226,-73.979382,79
53,243,Fulton St & Rockwell Pl,40.687979,-73.978474,79
54,244,Willoughby Ave & Hall St,40.69196035,-73.96536851,72
55,245,Myrtle Ave & St Edwards St,40.69327018,-73.97703874,28
56,247,Perry St & Bleecker St,40.73535398,-74.00483091,156
57,248,Laight St & Hudson St,40.72185379,-74.00771779,70
58,249,Harrison St & Hudson St,40.71870987,-74.0090009,139
59,250,Lafayette St & Jersey St,40.72456089,-73.99565293,0
60,250,Lafayette St & Jersey St N,40.72456089,-73.99565293,0
61,251,Mott St & Prince St,40.72317958,-73.99480012,296
62,252,MacDougal St & Washington Sq,40.73226398,-73.99852205,202
63,253,W 13 St & 5 Ave,40.73543934,-73.99453948,287
64,254,W 11 St & 6 Ave,40.73532427,-73.99800419,196
65,255,NYCBS Depot - SSP,40.646768,-74.01651,0
66,257,Lispenard St & Broadway,40.71939226,-74.00247214,209
67,258,DeKalb Ave & Vanderbilt Ave,40.68940747,-73.96885458,64
68,259,South St & Whitehall St,40.70122128,-74.01234218,201
69,260,Broad St & Bridge St,40.70365182,-74.01167797,113
70,261,Johnson St & Gold St,40.69474881,-73.98362464,64
71,262,Washington Park,40.69178232,-73.97372989,47
72,262,Washington Park,40.6917823,-73.9737299,47
73,263,Elizabeth St & Hester St,40.71729,-73.996375,0
74,263,Elizabeth St & Hester St,40.71759081805981,-73.99622440338135,0
75,264,Maiden Ln & Pearl St,40.70706456,-74.00731853,112
76,265,Stanton St & Chrystie St,40.72229346,-73.99147535,228
77,266,Avenue D & E 8 St,40.72368361,-73.97574813,111
78,267,Broadway & W 36 St,40.75097711,-73.98765428,356
79,268,Howard St & Centre St,40.71910537,-73.99973337,244
80,270,Adelphi St & Myrtle Ave,40.69308257,-73.97178913,110
81,271,Ashland Pl & Hanson Pl,40.68522671947255,-73.97800147533415,0
82,271,Ashland Pl & Hanson Pl,40.68528172,-73.97805813,0
83,274,Lafayette Ave & Fort Greene Pl,40.68691865,-73.976682,82
84,275,Washington Ave & Greene Ave,40.68650065,-73.96563307,46
85,276,Duane St & Greenwich St,40.71748752,-74.0104554,125
86,278,Concord St & Bridge St,40.69766564,-73.98476437,53
87,279,Sands St & Gold St,40.69986937,-73.98271933,195
88,279,Peck Slip & Front Street,40.707873,-74.00167,195
89,279,Peck Slip & Front St,40.707873,-74.00167,195
90,280,E 10 St & 5 Ave,40.73331967,-73.99510132,0
91,281,Grand Army Plaza & Central Park S,40.7643971,-73.97371465,490
92,282,Kent Ave & S 11 St,40.70827295,-73.96834101,94
93,282,Kent Ave & S 11 St,40.707644944175705,-73.96841526031494,94
94,284,Greenwich Ave & 8 Ave,40.7390169121,-74.0026376103,0
95,284,Greenwich Ave & 8 Ave,40.73901691,-74.00263761,0
96,285,Broadway & E 14 St,40.73454567,-73.99074142,594
97,289,Monroe St & Classon Ave,40.6845683,-73.95881081,36
98,290,2 Ave & E 58 St,40.76020258,-73.96478473,0
99,291,Madison St & Montgomery St,40.713126,-73.984844,115
100,293,Lafayette St & E 8 St,40.73020660529954,-73.99102628231049,530
101,293,Lafayette St & E 8 St,40.73028666,-73.9907647,530
102,294,Washington Square E,40.73049393,-73.9957214,0
103,295,Pike St & E Broadway,40.71406667,-73.99293911,144
104,296,Division St & Bowery,40.71413089,-73.9970468,165
105,297,E 15 St & 3 Ave,40.734232,-73.986923,343
106,298,3 Ave & Schermerhorn St,40.68683208,-73.9796772,0
107,300,Shevchenko Pl & E 6 St,40.728145,-73.990214,0
108,300,Shevchenko Pl & E 7 St,40.728145,-73.990214,0
109,301,E 2 St & Avenue B,40.72217444,-73.98368779,234
110,302,Avenue D & E 3 St,40.72082834,-73.97793172,110
111,303,Mercer St & Spring St,40.72362738,-73.99949601,175
112,304,Broadway & Battery Pl,40.70463334,-74.01361706,347
113,305,E 58 St & 3 Ave,40.76095756,-73.96724467,293
114,306,Cliff St & Fulton St_1,40.70823502,-74.00530063,144
115,306,Cliff St & Fulton St,40.70823502,-74.00530063,144
116,307,Canal St & Rutgers St,40.71427487,-73.98990025,263
117,308,St James Pl & Oliver St,40.71307916,-73.99851193,142
118,309,Murray St & West St,40.7149787,-74.013012,195
119,310,State St & Smith St,40.68926942,-73.98912867,79
120,311,Norfolk St & Broome St,40.7172274,-73.98802084,159
121,312,Allen St & Stanton St,40.722055,-73.989111,265
122,312,Allen St & E Houston St,40.722055,-73.989111,265
123,313,Washington Ave & Park Ave,40.69610226,-73.96751037,90
124,314,Cadman Plaza West & Montague St,40.69383,-73.990539,117
125,314,Montague St & Clinton St,40.69424674,-73.99215922,117
126,315,South St & Gouverneur Ln,40.70355377,-74.00670227,358
127,316,Fulton St & William St,40.70955958,-74.00653609,140
128,317,E 6 St & Avenue B,40.72453734,-73.98185424,226
129,318,E 43 St & Vanderbilt Ave,40.75320159,-73.9779874,0
130,319,Fulton St & Broadway,40.711066,-74.009447,251
131,319,Park Pl & Church St,40.71336124,-74.00937622,251
132,320,Leonard St & Church St,40.717571,-74.005549,169
133,320,Church St & Leonard St,40.71743998,-74.00583475,169
134,321,Cadman Plaza E & Red Cross Pl,40.69991755,-73.98971773,136
135,322,Clinton St & Tillary St,40.696192,-73.991218,87
136,323,Lawrence St & Willoughby St,40.69236178,-73.98631746,201
137,324,DeKalb Ave & Hudson Ave,40.689888,-73.981013,151
138,325,E 19 St & 3 Ave,40.73624527,-73.98473765,226
139,326,E 11 St & 1 Ave,40.72953837,-73.98426726,211
140,327,Vesey Pl & River Terrace,40.7153379,-74.01658354,400
141,328,Watts St & Greenwich St,40.72405549,-74.00965965,218
142,329,Greenwich St & N Moore St,40.72043411,-74.01020609,0
143,329,Greenwich St & North Moore St,40.720152270232845,-74.01036500930786,0
144,330,Reade St & Broadway,40.71450451,-74.00562789,186
145,331,Pike St & Monroe St,40.71173107,-73.99193043,95
146,332,Cherry St,40.71219906,-73.97948148,82
147,334,W 20 St & 7 Ave,40.74238787,-73.99726235,0
148,335,Washington Pl & Broadway,40.72903917,-73.99404649,260
149,336,Sullivan St & Washington Sq,40.73047747,-73.99906065,298
150,337,Old Slip & Front St,40.7037992,-74.00838676,144
151,339,Avenue D & E 12 St,40.72580614,-73.97422494,107
152,340,Madison St & Clinton St,40.71269042,-73.98776323,111
153,341,Stanton St & Mangin St,40.71782143,-73.97628939,121
154,342,Columbia St & Rivington St,40.71739973,-73.98016555,126
155,343,Clinton Ave & Flushing Ave,40.69794,-73.96986848,46
156,344,Monroe St & Bedford Ave,40.6851443,-73.95380904,69
157,345,W 13 St & 6 Ave,40.73649403,-73.99704374,259
158,346,Bank St & Hudson St,40.73652889,-74.00618026,289
159,347,Greenwich St & W Houston St,40.728846,-74.008591,360
160,347,W Houston St & Hudson St,40.72873888,-74.00748842,360
161,348,W Broadway & Spring St,40.72490985,-74.00154702,0
162,349,Rivington St & Ridge St,40.71850211,-73.98329859,103
163,350,Clinton St & Grand St,40.71559509,-73.9870295,150
164,351,Front St & Maiden Ln,40.70530954,-74.00612572,155
165,352,W 56 St & 6 Ave,40.76340613,-73.97722479,0
166,353,S Portland Ave & Hanson Pl,40.68539567,-73.97431458,87
167,354,Emerson Pl & Myrtle Ave,40.69363137,-73.96223558,84
168,355,Bayard St & Baxter St,40.71602118,-73.99974372,183
169,356,Bialystoker Pl & Delancey St,40.71622644,-73.98261206,101
170,357,E 11 St & Broadway,40.73261787,-73.99158043,168
171,358,Christopher St & Greenwich St,40.73291553,-74.00711384,504
172,359,E 47 St & Park Ave,40.75510267,-73.97498696,567
173,360,William St & Pine St,40.70717936,-74.00887308,176
174,361,Allen St & Hester St,40.71605866,-73.99190759,194
175,362,Broadway & W 37 St,40.75172632,-73.98753523,227
176,363,West Thames St,40.70834698,-74.01713445,211
177,364,Lafayette Ave & Classon Ave,40.68900443,-73.96023854,77
178,365,Fulton St & Grand Ave,40.68223166,-73.9614583,45
179,366,Clinton Ave & Myrtle Ave,40.693261,-73.968896,117
180,367,E 53 St & Lexington Ave,40.75828065,-73.97069431,0
181,368,Carmine St & 6 Ave,40.73038599,-74.00214988,441
182,369,Washington Pl & 6 Ave,40.73224119,-74.00026394,174
183,372,Franklin Ave & Myrtle Ave,40.694528,-73.958089,32
184,372,Franklin Ave & Myrtle Ave,40.694546087246025,-73.95801365375519,32
185,373,Willoughby Ave & Walworth St,40.69331716,-73.95381995,23
186,375,Mercer St & Bleecker St,40.72679454,-73.99695094,0
187,375,Mercer St & Bleecker St S,40.72679454,-73.99695094,0
188,376,John St & William St,40.70862144,-74.00722156,135
189,377,6 Ave & Canal St,40.72243797,-74.00566443,318
190,379,W 31 St & 7 Ave,40.749156,-73.9916,616
191,380,W 4 St & 7 Ave S,40.73401143,-74.00293877,189
192,382,University Pl & E 14 St,40.73492695,-73.99200509,425
193,383,Greenwich Ave & Charles St,40.735238,-74.000271,268
194,384,Fulton St & Washington Ave,40.683048,-73.964915,0
195,384,Fulton St & Waverly Ave,40.68317813,-73.9659641,0
196,385,E 55 St & 2 Ave,40.75797322,-73.96603308,0
197,386,Centre St & Worth St,40.71494807,-74.00234482,76
198,387,Centre St & Chambers St,40.71273266,-74.0046073,441
199,388,W 26 St & 10 Ave,40.74971775,-74.00295035,337
200,388,W 26 St & 10 Ave,40.749717753,-74.002950346,337
201,389,Broadway & Berry St,40.71044554,-73.96525063,104
202,390,Duffield St & Willoughby St,40.69221589,-73.9842844,0
203,391,Clark St & Henry St,40.69760127,-73.99344559,138
204,392,Jay St & Tech Pl,40.695065,-73.987167,155
205,393,E 5 St & Avenue C,40.72299208,-73.97995466,115
206,394,E 9 St & Avenue C,40.72521311,-73.97768752,222
207,395,Bond St & Schermerhorn St,40.68807003,-73.98410637,0
208,396,Lefferts Pl & Franklin Ave,40.680342423,-73.9557689392,38
209,396,Lefferts Pl & Franklin Ave,40.68034242,-73.95576894,38
210,397,Fulton St & Clermont Ave,40.68415748,-73.96922273,22
211,398,Atlantic Ave & Furman St,40.69165183,-73.9999786,91
212,399,Lafayette Ave & St James Pl,40.68851534,-73.9647628,73
213,400,Pitt St & Stanton St,40.71926081,-73.98178024,48
214,401,Allen St & Rivington St,40.72019576,-73.98997825,245
215,402,Broadway & E 22 St,40.7403432,-73.98955109,749
216,403,E 2 St & 2 Ave,40.72502876,-73.99069656,225
217,404,9 Ave & W 14 St,40.7405826,-74.00550867,0
218,405,Washington St & Gansevoort St,40.739323,-74.008119,483
219,406,Hicks St & Montague St,40.69512845,-73.99595065,96
220,407,Henry St & Poplar St,40.700469,-73.991454,71
221,408,Market St & Cherry St,40.71076228,-73.99400398,78
222,409,DeKalb Ave & Skillman St,40.6906495,-73.95643107,40
223,410,Suffolk St & Stanton St,40.72066442,-73.98517977,243
224,411,E 6 St & Avenue D,40.72228087,-73.97668709,112
225,412,Forsyth St & Canal St,40.7158155,-73.99422366,232
226,414,Pearl St & Anchorage Pl,40.70281858,-73.98765762,159
227,415,Pearl St & Hanover Square,40.7047177,-74.00926027,141
228,416,Cumberland St & Lafayette Ave,40.68753406,-73.97265183,70
229,417,Barclay St & Church St,40.71291224,-74.01020234,306
230,418,Front St & Gold St,40.70224,-73.982578,82
231,419,Carlton Ave & Park Ave,40.69580705,-73.97355569,55
232,420,Clermont Ave & Lafayette Ave,40.68764484,-73.96968902,39
233,421,Clermont Ave & Park Ave,40.69573398,-73.97129668,41
234,422,W 59 St & 10 Ave,40.770513,-73.988038,243
235,423,W 54 St & 9 Ave,40.76584941,-73.98690506,157
236,426,West St & Chambers St,40.71754834,-74.01322069,653
237,427,State St,40.70251526,-74.01427023,159
238,427,Bus Slip & State St,40.701907,-74.013942,159
239,428,E 3 St & 1 Ave,40.72467721,-73.98783413,0
240,430,York St & Jay St,40.7014851,-73.98656928,0
241,431,Hanover Pl & Livingston St,40.68864636,-73.98263429,0
242,432,E 7 St & Avenue A,40.72621788,-73.98379855,297
243,433,E 13 St & Avenue A,40.72955361,-73.98057249,298
244,434,9 Ave & W 18 St,40.74317449,-74.00366443,0
245,435,W 21 St & 6 Ave,40.74173969,-73.99415556,796
246,436,Hancock St & Bedford Ave,40.68216564,-73.95399026,25
247,437,Macon St & Nostrand Ave,40.6809833854,-73.9500479759,92
248,437,Macon St & Nostrand Ave,40.68098339,-73.95004798,92
249,438,St Marks Pl & 1 Ave,40.72779126,-73.98564945,247
250,439,E 4 St & 2 Ave,40.7262807,-73.98978041,284
251,440,E 45 St & 3 Ave,40.75255434,-73.97282625,265
252,441,E 52 St & 2 Ave,40.756014,-73.967416,237
253,442,W 27 St & 7 Ave,40.746647,-73.993915,549
254,443,Bedford Ave & S 9 St,40.70853074,-73.96408963,36
255,443,Bedford Ave & S 9th St,40.70853074,-73.96408963,36
256,444,Broadway & W 24 St,40.7423543,-73.98915076,0
257,445,E 10 St & Avenue A,40.72740794,-73.98142006,302
258,446,W 24 St & 7 Ave,40.74487634,-73.99529885,406
259,447,8 Ave & W 52 St,40.76370739,-73.9851615,244
260,448,W 37 St & 10 Ave,40.75660359,-73.9979009,241
261,449,W 52 St & 9 Ave,40.76461837,-73.98789473,0
262,450,W 49 St & 8 Ave,40.76227205,-73.98788205,362
263,453,W 22 St & 8 Ave,40.74475148,-73.99915362,410
264,454,E 51 St & 1 Ave,40.75455731,-73.96592976,159
265,455,1 Ave & E 44 St,40.75001986,-73.96905301,267
266,456,E 53 St & Madison Ave,40.7597108,-73.97402311,195
267,457,Broadway & W 58 St,40.76695317,-73.98169333,421
268,458,11 Ave & W 27 St,40.751396,-74.005226,428
269,459,W 20 St & 11 Ave,40.746745,-74.007756,0
270,460,S 4 St & Wythe Ave,40.71285887,-73.96590294,199
271,461,E 20 St & 2 Ave,40.73587678,-73.98205027,292
272,462,W 22 St & 10 Ave,40.74691959,-74.00451887,572
273,463,9 Ave & W 16 St,40.74206539,-74.00443172,0
274,464,E 56 St & 3 Ave,40.75934501,-73.96759673,0
275,465,Broadway & W 41 St,40.75513557,-73.98658032,652
276,466,W 25 St & 6 Ave,40.74395411,-73.99144871,406
277,467,Dean St & 4 Ave,40.68312489,-73.97895137,143
278,468,Broadway & W 55 St,40.7652654,-73.98192338,396
279,468,Broadway & W 56 St,40.7652654,-73.98192338,396
280,469,Broadway & W 53 St,40.76344058,-73.98268129,270
281,470,W 20 St & 8 Ave,40.74345335,-74.00004031,0
282,471,Grand St & Havemeyer St,40.71286844,-73.95698119,79
283,472,E 32 St & Park Ave,40.7457121,-73.98194829,440
284,473,Rivington St & Chrystie St,40.72110063,-73.9919254,154
285,474,5 Ave & E 29 St,40.7451677,-73.98683077,396
286,475,E 16 St & Irving Pl,40.73524276,-73.98758561,0
287,475,E 15 St & Irving Pl,40.73524276,-73.98758561,0
288,476,E 31 St & 3 Ave,40.74394314,-73.97966069,200
289,477,W 41 St & 8 Ave,40.75640548,-73.9900262,660
290,478,11 Ave & W 41 St,40.76030096,-73.99884222,250
291,479,9 Ave & W 45 St,40.76019252,-73.9912551,282
292,480,W 53 St & 10 Ave,40.76669671,-73.99061728,234
293,481,S 3 St & Bedford Ave,40.71260486,-73.96264403,108
294,482,W 15 St & 7 Ave,40.73935542,-73.99931783,554
295,483,E 12 St & 3 Ave,40.73223272,-73.98889957,290
296,484,W 44 St & 5 Ave,40.75500254,-73.98014437,298
297,485,W 37 St & 5 Ave,40.75038009,-73.98338988,37
298,486,Broadway & W 29 St,40.7462009,-73.98855723,416
299,487,E 20 St & FDR Drive,40.73314259,-73.97573881,315
300,488,W 39 St & 9 Ave,40.75645824,-73.99372222,0
301,489,10 Ave & W 28 St,40.75066386,-74.00176802,0
302,490,8 Ave & W 33 St,40.751551,-73.993934,0
303,491,E 24 St & Park Ave S,40.74096374,-73.98602213,372
304,492,W 33 St & 7 Ave,40.75019995,-73.99093085,899
305,493,W 45 St & 6 Ave,40.7568001,-73.98291153,0
306,493,W 45 St & 6 Ave (1),40.7568001,-73.98291153,0
307,494,W 26 St & 8 Ave,40.74734825,-73.99723551,382
308,495,W 47 St & 10 Ave,40.76269882,-73.99301222,272
309,496,E 16 St & 5 Ave,40.73726186,-73.99238967,386
310,497,E 17 St & Broadway,40.73704984,-73.99009296,617
311,498,Broadway & W 32 St,40.74854862,-73.98808416,406
312,499,Broadway & W 60 St,40.76915505,-73.98191841,462
313,500,Broadway & W 51 St,40.76228826,-73.98336183,282
314,501,FDR Drive & E 35 St,40.744219,-73.97121214,282
315,502,Henry St & Grand St,40.714215,-73.981346,186
316,503,E 20 St & Park Ave,40.73827428,-73.98751968,288
317,504,1 Ave & E 15 St,40.73221853,-73.98165557,378
318,504,1 Ave & E 16 St,40.73221853,-73.98165557,378
319,505,6 Ave & W 33 St,40.74901271,-73.98848395,466
320,507,E 25 St & 2 Ave,40.73912601,-73.97973776,318
321,508,W 46 St & 11 Ave,40.76341379,-73.99667444,252
322,509,9 Ave & W 22 St,40.7454973,-74.00197139,305
323,510,W 51 St & 6 Ave,40.7606597,-73.98042047,0
324,511,E 14 St & Avenue B,40.72938685,-73.97772429,0
325,512,W 29 St & 9 Ave,40.7500727,-73.99839279,0
326,513,W 56 St & 10 Ave,40.768254,-73.988639,156
327,514,12 Ave & W 40 St,40.76087502,-74.00277668,516
328,515,W 43 St & 10 Ave,40.76009437,-73.99461843,211
329,516,E 47 St & 1 Ave,40.75206862,-73.96784384,145
330,517,Pershing Square S,40.75149263,-73.97798848,598
331,517,Pershing Square South,40.751581,-73.97791,598
332,517,E 41 St & Madison Ave,40.752141,-73.979782,598
333,518,E 39 St & 2 Ave,40.74780373,-73.9734419,380
334,519,Pershing Square N,40.75188406,-73.97770164,1003
335,519,E 42 St & Vanderbilt Ave,40.752416,-73.97837,1003
336,519,Pershing Square North,40.751873,-73.977706,1003
337,520,W 52 St & 5 Ave,40.75992262,-73.97648516,355
338,521,8 Ave & W 31 St,40.75096734871598,-73.99444207549094,0
339,521,8 Ave & W 31 St N,40.75096734871598,-73.99444207549094,0
340,521,8 Ave & W 31 St,40.75096735,-73.99444208,0
341,521,8 Ave & W 31 St,40.75044999,-73.99481051,0
342,522,E 51 St & Lexington Ave,40.75714758,-73.97207836,253
343,523,W 38 St & 8 Ave,40.75466591,-73.99138152,160
344,524,W 43 St & 6 Ave,40.75527307,-73.98316936,377
345,525,W 34 St & 11 Ave,40.75594159,-74.0021163,242
346,526,E 33 St & 5 Ave,40.74765947,-73.98490707,437
347,527,E 33 St & 2 Ave,40.744023,-73.976056,317
348,527,E 33 St & 1 Ave,40.74315566,-73.97434726,317
349,528,2 Ave & E 31 St,40.74290902,-73.97706058,185
350,529,W 42 St & 8 Ave,40.7575699,-73.99098507,257
351,530,11 Ave & W 59 St,40.771522,-73.990541,139
352,531,Forsyth St & Broome St,40.71893904,-73.99266288,236
353,532,S 5 Pl & S 4 St,40.710451,-73.960876,164
354,532,S 5 Pl & S 5 St,40.710451,-73.960876,164
355,533,Broadway & W 39 St,40.75299641,-73.98721619,316
356,533,Broadway & W 38 St,40.75299641,-73.98721619,316
357,534,Water - Whitehall Plaza,40.70255065,-74.0127234,164
358,536,1 Ave & E 30 St,40.74144387,-73.97536082,336
359,537,Lexington Ave & E 24 St,40.74025878,-73.98409214,484
360,538,W 49 St & 5 Ave,40.75795248,-73.97787642,0
361,538,E 48 St & Madison Ave,40.75666,-73.976684,0
362,539,Metropolitan Ave & Bedford Ave,40.71534825,-73.96024116,216
363,540,Lexington Ave & E 26 St,40.74147286,-73.98320928,315
364,540,Lexington Ave & E 29 St,40.74311555376486,-73.98215353488922,315
365,545,E 23 St & 1 Ave,40.736502,-73.97809472,369
366,546,E 30 St & Park Ave S,40.74444921,-73.98303529,318
367,2000,Front St & Washington St,40.70255088,-73.98940236,0
368,2001,7 Ave & Farragut St,40.69892054,-73.97332996,30
369,2001,Sands St & Navy St,40.699773,-73.979927,30
370,2002,Wythe Ave & Metropolitan Ave,40.716887,-73.963198,206
371,2003,1 Ave & E 18 St,40.733812191966315,-73.98054420948029,263
372,2003,1 Ave & E 18 St,40.73416059,-73.98024289,263
373,2003,1 Ave & E 18 St,40.73381219,-73.98054421,263
374,2004,6 Ave & Broome St,40.724399,-74.004704,0
375,2005,Railroad Ave & Kay Ave,40.70531194,-73.97100056,10
376,2006,Central Park S & 6 Ave,40.76590936,-73.97634151,515
377,2008,Little West St & 1 Pl,40.70569254,-74.01677685,235
378,2009,Catherine St & Monroe St,40.71117444,-73.99682619,124
379,2010,Grand St & Greene St,40.72165481,-74.00234737,203
380,2012,E 27 St & 1 Ave,40.739445,-73.976806,269
381,2017,E 43 St & 2 Ave,40.75022392,-73.97121414,0
382,2021,W 45 St & 8 Ave,40.75929124,-73.98859651,261
383,2022,E 60 St & York Ave,40.759107,-73.959223,84
384,2022,E 59 St & Sutton Pl,40.75849116,-73.95920622,84
385,2023,E 55 St & Lexington Ave,40.75968085,-73.97031366,204
386,3002,South End Ave & Liberty St,40.711512,-74.015756,474
387,3014,E.T. Bike-In Movie Valet Station,40.722852,-73.959114,0
388,3014,3969.TEMP (Bike The Branches - Central Branch),40.722852,-73.959114,0
389,3016,Mobile 01,40.771051856415305,-73.9643383026123,198
390,3016,Kent Ave & N 7 St,40.72036775298455,-73.96165072917938,198
391,3016,Kent Ave & N 7 St,40.72072553412595,-73.9612591266632,198
392,3017,NYCBS Depot - FAR,40.751483,-73.996764,0
393,3019,NYCBS Depot - DEL,40.716633,-73.981933,0
394,3036,8D OPS 01,40.68486874759393,-74.02544975280762,0
395,3036,8D OPS 01,40.88092055523877,-73.89660179615021,0
396,3039,NYCBS Depot - DYR,40.75908809071208,-73.99375051281822,0
397,3040,GOW Tech Shop,40.66979964220026,-73.99497985839844,0
398,3040,SSP Tech Workshop,40.646678,-74.016263,0
399,3041,Kingston Ave & Herkimer St,40.67890679,-73.94142771,21
400,3042,Fulton St & Utica Ave,40.6794268,-73.9298911,47
401,3043,Lewis Ave & Decatur St,40.6814598,-73.934903,8
402,3044,Albany Ave & Fulton St,40.6800105,-73.938475,5
403,3046,Marcus Garvey Blvd & Macon St,40.682601,-73.938037,34
404,3047,Halsey St & Tompkins Ave,40.6823687,-73.944118,31
405,3048,Putnam Ave & Nostrand Ave,40.68402,-73.94977,18
406,3049,Cambridge Pl & Gates Ave,40.68488,-73.96304,46
407,3050,Putnam Ave & Throop Ave,40.6851532,-73.94111,49
408,3052,Lewis Ave & Madison St,40.686312,-73.935775,42
409,3053,Marcy Ave & Lafayette Ave,40.6900815,-73.947915,16
410,3054,Greene Ave & Throop Ave,40.6894932,-73.942061,26
411,3055,Greene Ave & Nostrand Ave,40.6883337,-73.950916,26
412,3056,Kosciuszko St & Nostrand Ave,40.69072549,-73.95133465,26
413,3057,Kosciuszko St & Tompkins Ave,40.69128258,-73.9452416,27
414,3058,Lewis Ave & Kosciuszko St,40.69237074,-73.93705428,24
415,3059,Pulaski St & Marcus Garvey Blvd,40.6933982,-73.939877,22
416,3060,Willoughby Ave & Tompkins Ave,40.69425403,-73.94626915,29
417,3061,Throop Ave & Myrtle Ave,40.69622937,-73.94371094,17
418,3062,Myrtle Ave & Marcy Ave,40.69539817,-73.94954908,22
419,3063,Nostrand Ave & Myrtle Ave,40.69527008,-73.95238108,19
420,3064,Myrtle Ave & Lewis Ave,40.69681963,-73.93756926,79
421,3065,Union Ave & Wallabout St,40.70029511,-73.95032283,21
422,3066,Tompkins Ave & Hopkins St,40.69957608,-73.94708417,30
423,3067,Broadway & Whipple St,40.7016657,-73.9437303,34
424,3068,Humboldt St & Varet St,40.7031724,-73.940636,27
425,3069,Lorimer St & Broadway,40.70411791,-73.94818595,15
426,3070,McKibbin St & Manhattan Ave,40.70510918,-73.94407279,32
427,3071,Boerum St & Broadway,40.70538077,-73.94976519,27
428,3072,Leonard St & Boerum St,40.70583339,-73.94644578,21
429,3073,Division Ave & Hooper St,40.70691254,-73.95441667,34
430,3074,Montrose Ave & Bushwick Ave,40.70767788,-73.94016171,74
431,3075,Division Ave & Marcy Ave,40.70708701,-73.95796783,17
432,3076,Scholes St & Manhattan Ave,40.70870368,-73.9448625,56
433,3077,Stagg St & Union Ave,40.70877084,-73.95095259,53
434,3078,Broadway & Roebling St,40.70924826276157,-73.96063148975372,99
435,3078,Broadway & Roebling St,40.70925562,-73.95982218,99
436,3079,Leonard St & Grand St,40.71103537,-73.94714303,0
437,3080,S 4 St & Rodney St,40.70934,-73.95608,50
438,3081,Graham Ave & Grand St,40.711863,-73.944024,49
439,3082,Hope St & Union Ave,40.71167351,-73.95141312,69
440,3083,Bushwick Ave & Powers St,40.71247661,-73.94100005,46
441,3084,Devoe St & Leonard St,40.71348658,-73.94792458,0
442,3085,Roebling St & N 4 St,40.71469,-73.95739,83
443,3086,Graham Ave & Conselyea St,40.715143,-73.944507,132
444,3087,Metropolitan Ave & Meeker Ave,40.71413311,-73.95234386,74
445,3088,Union Ave & Jackson St,40.7160751,-73.952029,26
446,3089,Leonard St & Meeker Ave,40.717318403855785,-73.94820213317871,0
447,3090,N 8 St & Driggs Ave,40.71774592,-73.95600096,173
448,3091,Frost St & Meeker St,40.71764,-73.94882,13
449,3092,Berry St & N 8 St,40.7190095,-73.95852515,123
450,3093,N 6 St & Bedford Ave,40.71745169,-73.95850939,225
451,3094,Graham Ave & Withers St,40.7169811,-73.94485918,32
452,3095,Graham Ave & Herbert St,40.71929301,-73.94500379,35
453,3096,Union Ave & N 12 St,40.71924,-73.95242,94
454,3097,N Henry St & Richardson St,40.71921585,-73.9424469,0
455,3098,Leonard St & Bayard St,40.71928,-73.94861,0
456,3099,Leonard St & Manhattan Ave,40.72152240339303,-73.94898265600203,0
457,3100,Nassau Ave & Newell St,40.724812564400175,-73.94752621650696,65
458,3101,N 12 St & Bedford Ave,40.72079821,-73.95484712,63
459,3102,Driggs Ave & Lorimer St,40.72179134,-73.9504154,25
460,3103,N 11 St & Wythe Ave,40.72153267,-73.95782357,58
461,3104,Kent Ave & N 7 St,40.72057658,-73.96150225,0
462,3104,KentAve&N7 St,40.72057658,-73.96150225,0
463,3105,N 15 St & Wythe Ave,40.724055,-73.955736,38
464,3106,Driggs Ave & N Henry St,40.72325,-73.94308,61
465,3107,Bedford Ave & Nassau Ave,40.72311651,-73.95212324,159
466,3108,Nassau Ave & Russell St,40.72557,-73.94434,99
467,3109,Banker St & Meserole Ave,40.72606,-73.95621,83
468,3110,Meserole Ave & Manhattan Ave,40.72708584,-73.95299117,116
469,3111,Norman Ave & Leonard St,40.7258483,-73.95064893,0
470,3111,Norman Ave & Leonard St - 2,40.7258483,-73.95064893,0
471,3112,Milton St & Franklin St,40.72906,-73.95779,171
472,3113,Greenpoint Ave & Manhattan Ave,40.73026,-73.95394,92
473,3114,India St & East River,40.73165141,-73.96161892,0
474,3115,India St & Manhattan Ave,40.73232194,-73.9550858,88
475,3116,Huron St & Franklin St,40.73266,-73.95826,86
476,3117,Franklin St & Dupont St,40.73564,-73.95866,66
477,3118,McGuinness Blvd & Eagle St,40.73555,-73.95284,85
478,3119,Vernon Blvd & 50 Ave,40.74232744,-73.95411749,134
479,3120,Center BlvdÂ & Borden Ave,40.74161,-73.96044,27
480,3120,Center Blvd & Borden Ave,40.74161,-73.96044,27
481,3121,Jackson Ave & 46 Rd,40.74524768,-73.94733276,27
482,3122,48 Ave & 5 St,40.744363287066875,-73.9558732509613,15
483,3123,31 St & Thomson Ave,40.74469738,-73.93540375,43
484,3124,46 Ave & 5 St,40.74731,-73.95451,84
485,3125,45 Rd & 11 St,40.74708586,-73.94977234,58
486,3126,44 Dr & Jackson Ave,40.74718234,-73.9432635,73
487,3127,9 St & 44 Rd,40.74966,-73.9521,16
488,3128,21 St & 43 Ave,40.75052534,-73.94594845,28
489,3129,Queens Plaza North & Crescent St,40.75110165,-73.94073717,136
490,3130,21 St & Queens Plaza North,40.75325964,-73.94335788,36
491,3131,E 68 St & 3 Ave,40.76712840349542,-73.96224617958069,86
492,3132,E 59 St & Madison Ave,40.76350532,-73.97109243,169
493,3133,E 67 St & Lexington Ave,40.76734259143217,-73.9648586511612,0
494,3133,E 67 St & Park Ave,40.76735637,-73.96493528,0
495,3134,3 Ave & E 62 St,40.76312584,-73.96526895,134
496,3135,E 75 St & 3 Ave,40.77112927,-73.95772297,95
497,3136,5 Ave & E 63 St,40.766368,-73.971518,159
498,3136,5 Ave & E 63 St,40.76650452,-73.97147595,159
499,3137,5 Ave & E 73 St,40.77282817,-73.96685276,257
500,3138,E 77 St & Park Ave,40.774405455003,-73.96175265312193,0
501,3139,E 72 St & Park Ave,40.77122923,-73.96432627,76
502,3139,E 72 St & Park Ave,40.77118287540658,-73.96409422159195,76
503,3140,1 Ave & E 78 St,40.77140426,-73.9535166,207
504,3141,1 Ave & E 68 St,40.76500525,-73.95818491,402
505,3142,1 Ave & E 62 St,40.7612274,-73.96094022,224
506,3143,5 Ave & E 78 St,40.77682863439968,-73.96388769149779,175
507,3143,5 Ave & E 78 St,40.7763214218227,-73.96427392959595,175
508,3144,E 81 St & Park Ave,40.77677702,-73.9590097,42
509,3145,E 84 St & Park Ave,40.77862688,-73.95772073,110
510,3146,E 81 St & 3 Ave,40.77573034,-73.9567526,99
511,3147,E 85 St & 3 Ave,40.77801203,-73.95407149,201
512,3148,E 84 St & 1 Ave,40.77565541,-73.95068615,122
513,3149,E 82 St & 2 Ave,40.77517793,-73.95324922,0
514,3150,E 85 St & York Ave,40.77536905,-73.94803392,94
515,3151,E 81 St & York Ave,40.7728384,-73.94989233,88
516,3152,3 Ave & E 71 St,40.76873687,-73.96119945,56
517,3153,E 71 St & 2 Ave,40.768175467422445,-73.95910263061523,0
518,3154,E 77 St & 3 Ave,40.77314236,-73.95856158,0
519,3155,Lexington Ave & E 63 St,40.76440023,-73.96648977,161
520,3156,E 72 St & York Ave,40.76663814,-73.95348296,252
521,3157,East End Ave & E 86 St,40.77518615,-73.94446054,75
522,3158,W 63 St & Broadway,40.77163851,-73.98261428,203
523,3159,W 67 St & Broadway,40.77492513,-73.98266566,217
524,3160,Central Park West & W 76 St,40.77896784,-73.97374737,182
525,3161,W 76 St & Columbus Ave,40.7801839724239,-73.97728532552718,166
526,3162,W 78 St & Broadway,40.78339981,-73.98093133,103
527,3163,Central Park West & W 68 St,40.7734066,-73.97782542,299
528,3164,Columbus Ave & W 72 St,40.7770575,-73.97898475,324
529,3165,Central Park West & W 72 St,40.77579376683666,-73.9762057363987,365
530,3165,Central Park West & W 72 St,40.77575319,-73.97603963,365
531,3166,Riverside Dr & W 72 St,40.78057799010334,-73.98562431335449,130
532,3167,Amsterdam Ave & W 73 St,40.77966809007312,-73.98093044757842,283
533,3168,Central Park West & W 85 St,40.78472675,-73.96961715,253
534,3169,Riverside Dr & W 82 St,40.78720869,-73.98128127,104
535,3170,W 84 St & Columbus Ave,40.78499979,-73.97283406,157
536,3171,Amsterdam Ave & W 82 St,40.78524672,-73.97667321,122
537,3172,W 74 St & Columbus Ave,40.7785669,-73.97754961,90
538,3173,Riverside Blvd & W 67 St,40.777507027547976,-73.98888587951659,159
539,3175,W 70 St & Amsterdam Ave,40.77748046,-73.98288594,137
540,3176,W 64 St & West End Ave,40.77452835,-73.98753759,147
541,3177,W 84 St & Broadway,40.7867947,-73.977112,165
542,3178,Riverside Dr & W 78 St,40.78414472,-73.98362492,91
543,3179,Park Ave & Marcus Garvey Blvd,40.698617,-73.941342,20
544,3180,Brooklyn Bridge Park - Pier 2,40.69878,-73.99712,49
545,3181,Soissons Landing,40.692609,-74.016398,0
546,3182,Yankee Ferry Terminal,40.686931,-74.016966,17
547,3183,Exchange Place,40.7162469,-74.0334588,0
548,3184,Paulus Hook,40.7141454,-74.0335519,0
549,3185,City Hall,40.7177325,-74.043845,0
550,3186,Grove St PATH,40.71958611647166,-74.04311746358871,0
551,3186,Grove St PATH,40.71946109443547,-74.04294312000275,0
552,3186,Grove St PATH,40.7192789,-74.0424515,0
553,3187,Warren St,40.7211236,-74.03805095,0
554,3188,NJCU,40.7101087,-74.0858489,0
555,3191,Union St,40.7182113,-74.0836394,0
556,3192,Liberty Light Rail,40.7112423,-74.0557013,0
557,3195,Sip Ave,40.73074262530658,-74.06378388404846,0
558,3196,Riverview Park,40.7443187,-74.0439909,0
559,3197,North St,40.752559,-74.044725,0
560,3197,Hs Don't Use,40.71925170740989,-74.03423398733139,0
561,3197,Harborsid,40.71925170740989,-74.03423398733139,0
562,3198,Heights Elevator,40.748715945380226,-74.04044330120087,0
563,3198,Heights Elevator,40.7485362,-74.0403131,0
564,3199,Newport Pkwy,40.7287448,-74.0321082,0
565,3201,Dey St,40.737711,-74.066921,0
566,3202,Newport PATH,40.7272235,-74.0337589,0
567,3203,Hamilton Park,40.727595966,-74.044247311,0
568,3205,JC Medical Center,40.71653978099194,-74.0496379137039,0
569,3206,Hilltop,40.7311689,-74.0575736,0
570,3209,Brunswick St,40.7241765,-74.0506564,0
571,3211,Newark Ave,40.72152515,-74.046304543,0
572,3212,Christ Hospital,40.734785818,-74.050443636,0
573,3213,Van Vorst Park,40.71848892,-74.047726625,0
574,3214,Essex Light Rail,40.7127742,-74.0364857,0
575,3215,JSQ Don't Use,0.0,0.0,0
576,3219,NYCBS Depot - STY,40.729193,-73.976655,0
577,3220,5 Corners Library,40.734961020009514,-74.0595030784607,0
578,3221,47 Ave & 31 St,40.743,-73.93561,34
579,3222,Hanson Pl & St Felix St,40.685159599891776,-73.97711366415024,0
580,3223,E 55 St & 3 Ave,40.75899655960512,-73.96865397691727,326
581,3224,W 13 St & Hudson St,40.73997354103409,-74.00513872504233,0
582,3225,Baldwin at Montgomery,40.7236589,-74.0641943,0
583,3226,W 82 St & Central Park West,40.78275,-73.97137,139
584,3229,Marcy Ave & MacDonough St,40.68061768455451,-73.94624948501587,0
585,3230,Penn Station Valet,40.751283596962296,-73.99692445993422,0
586,3231,E 67 St & Park Ave,40.76780080148132,-73.96592080593109,93
587,3232,Bond St & Fulton St,40.68962188790333,-73.98304268717766,115
588,3233,E 48 St & 5 Ave,40.75724567911726,-73.97805914282799,400
589,3234,E 40 St & Madison Ave,40.751593684511114,-73.98043155670166,0
590,3235,E 41 St & Madison Ave,40.752165280621966,-73.97992193698882,379
591,3236,PABT Valet,40.75898481399634,-73.99379968643188,250
592,3236,W 42 St & Dyer Ave,40.75898481399634,-73.99379968643188,250
593,3237,21 St & 41 Ave,40.75383343437622,-73.94267678260802,0
594,3238,E 80 St & 2 Ave,40.77391390238118,-73.9543953537941,0
595,3239,Bressler,40.64653836709648,-74.01658773422241,0
596,3240,NYCBS Depot BAL - DYR,40.759030082196055,-73.99385869503021,2
597,3240,NYCBS Depot BAL - DYR,0.0,0.0,2
598,3241,Monroe St & Tompkins Ave,40.686203,-73.944694,40
599,3242,Schermerhorn St & Court St,40.69102925677968,-73.99183362722397,87
600,3243,E 58 St & 1 Ave,40.75892386377695,-73.96226227283478,130
601,3244,University Pl & E 8 St,40.73143724085228,-73.99490341544151,294
602,3245,Kiosk in a box Motivate,40.64667789889786,-74.01630342006683,5
603,3245,NYCBS DEPOT - DELANCEY,40.71644423134478,-73.9823305606842,5
604,3245,"Industry City, Building 1 Basement",40.65594917783975,-74.00835871696472,5
605,3246,Montague St & Clinton St,40.694281141397326,-73.99230033159256,0
606,3247,SSP - Basement,0.0,0.0,0
607,3248,LPI Facility,0.0,0.0,0
608,3249,Verona Pl & Fulton St,40.6803560840434,-73.9476791024208,40
609,3250,NYCBS Depot - PIT,40.716909780459645,-73.98383796215057,0
610,3252,Bike The Branches - Red Hook Branch,40.67534953067412,-74.01002034544943,0
611,3253,Bike The Branches - Central Branch,40.67280641227746,-73.96886587142944,0
612,3254,Soissons Landing,40.69231660719192,-74.01486575603485,24
613,3255,8 Ave & W 31 St,40.7505853470215,-73.9946848154068,0
614,3256,Pier 40 - Hudson River Park,40.7277140777778,-74.01129573583603,243
615,3257,Adventures NYC,40.77376867022874,-73.97116988897324,0
616,3258,W 27 St & 10 Ave,40.75018156325683,-74.00218427181244,367
617,3259,9 Ave & W 28 St,40.74937024193277,-73.99923384189606,0
618,3260,Mercer St & Bleecker St,40.72706363348306,-73.99662137031554,285
619,3263,Cooper Square & E 7 St,40.72923649910006,-73.99086803197861,416
620,3263,Cooper Square & Astor Pl,40.72951496224949,-73.99075269699097,416
621,3264,E 61 St & Park Ave,40.764210071690634,-73.96910458803178,0
622,3265,E 2 St & 2 Ave,40.7245634290432,-73.9894437789917,0
623,3266,Kiosk in a box Deployment,40.70861098096821,-73.92850399017334,0
624,3267,Morris Canal,40.7124188237569,-74.03852552175522,0
625,3268,Lafayette Park,40.71346382669195,-74.06285852193832,0
626,3270,Jersey & 6th St,40.72528910781132,-74.04557168483734,0
627,3272,Jersey & 3rd,40.72333158646436,-74.04595255851744,0
628,3273,Manila & 1st,40.721650724879986,-74.04288411140442,0
629,3275,Columbus Drive,40.71835519823214,-74.03891444206238,0
630,3276,Marin Light Rail,40.714824504192755,-74.04298067092896,0
631,3276,Marin Light Rail,40.714584035358925,-74.04281705617905,0
632,3277,Communipaw & Berry Lane,40.714358368704275,-74.06661093235016,0
633,3278,Monmouth and 6th,40.72568548362901,-74.04879033565521,0
634,3279,Dixon Mills,40.721630142638354,-74.04996782541275,0
635,3280,Astor Place,40.71928220070702,-74.07126188278198,0
636,3281,Leonard Gordon Park,40.74590996631558,-74.0572714805603,0
637,3282,5 Ave & E 88 St,40.78307,-73.95939,232
638,3283,W 89 St & Columbus Ave,40.7882213,-73.97041561,107
639,3284,E 88 St & Park Ave,40.781410700190015,-73.95595908164978,71
640,3285,W 87 St  & Amsterdam Ave,40.78839,-73.9747,121
641,3285,W 87 St & Amsterdam Ave,40.78839,-73.9747,121
642,3286,E 89 St & 3 Ave,40.7806284,-73.9521667,93
643,3287,W 87 St & West End Ave,40.790261,-73.977131,0
644,3288,E 88 St & 1 Ave,40.778301,-73.9488134,0
645,3289,W 90 St & Amsterdam Ave,40.79017948095082,-73.97288918495178,85
646,3290,E 89 St & York Ave,40.7779453,-73.946041,0
647,3291,Riverside Dr & W 91 St,40.7933718,-73.97685115,0
648,3292,5 Ave & E 93 St,40.7857851,-73.957481,93
649,3293,W 92 St & Broadway,40.7921,-73.9739,100
650,3294,E 91 St & Park Ave,40.7835016,-73.955327,64
651,3295,Central Park W & W 96 St,40.79127,-73.964839,178
652,3296,E 93 St & 2 Ave,40.782454175279874,-73.9489196240902,69
653,3297,6 St & 7 Ave,40.6686627,-73.97988067,29
654,3298,Warren St & Court St,40.686371,-73.99383324,65
655,3299,E 98 St & Park Ave,40.78813,-73.95206,15
656,3300,Prospect Park West & 8 St,40.66514681533792,-73.97637605667114,41
657,3301,Columbus Ave & W 95 St,40.7919557,-73.968087,144
658,3302,Columbus Ave & W 103 St,40.7969347,-73.9643412291,26
659,3303,Butler St & Court St,40.6849894,-73.99440329,63
660,3304,6 Ave & 9 St,40.668127,-73.98377641,50
661,3305,E 91 St & 2 Ave,40.78112229934166,-73.94965589046478,167
662,3306,10 St & 7 Ave,40.6662078,-73.98199886,30
663,3307,West End Ave & W 94 St,40.7941654,-73.974124,91
664,3308,Kane St & Clinton St,40.6861758,-73.99645295,78
665,3309,E 97 St & 3 Ave,40.7859201,-73.94860294,29
666,3310,14 St & 7 Ave,40.663779,-73.98396846,59
667,3311,Columbia St & Kane St,40.68763155,-74.0016256,57
668,3312,1 Ave & E 94 St,40.7817212,-73.94594,95
669,3313,6 Ave & 12 St,40.6663181,-73.9854617,39
670,3314,W 95 St & Broadway,40.7937704,-73.971888,126
671,3315,Henry St & Degraw St,40.6847514,-73.99917254,79
672,3316,W 104 St & Amsterdam Ave,40.7989937,-73.9662173778,52
673,3316,W 104 St & Amsterdam Ave - 1,40.7989937,-73.9662173778,52
674,3317,10 St & 5 Ave,40.6686273,-73.98700053,34
675,3318,2 Ave & E 96 St,40.7839636,-73.9471673,115
676,3319,14 St & 5 Ave,40.666287,-73.98895053,42
677,3320,Central Park West & W 100 St,40.793393,-73.9635556,102
678,3320,Central Park West & W 100 St,40.79406660818552,-73.96286845207214,102
679,3321,Clinton St & Union St,40.6831164,-73.99785267,48
680,3322,12 St & 4 Ave,40.668603,-73.9904394,19
681,3323,W 106 St & Central Park West,40.7981856,-73.9605909006,111
682,3324,3 Ave & 14 St,40.6685455,-73.99333264,38
683,3325,E 95 St & 3 Ave,40.7849032,-73.950503,0
684,3326,Clinton St & Centre St,40.67434,-74.00194698,7
685,3327,3 Ave & E 100 St,40.7877214,-73.94728331,20
686,3328,W 100 St & Manhattan Ave,40.795,-73.9645,64
687,3329,Degraw St & Smith St,40.6829151,-73.99318208,41
688,3330,Henry St & Bay St,40.6725058,-74.00494695,9
689,3331,Riverside Dr & W 104 St,40.8013434,-73.9711457439,68
690,3332,Degraw St & Hoyt St,40.681990442707026,-73.99079024791716,39
691,3333,Columbia St & Lorraine St,40.6747055,-74.0075572,0
692,3335,Union St & 4 Ave,40.6772744,-73.98282002,76
693,3336,E 97 St & Madison Ave,40.787801,-73.953559,130
694,3337,Dwight St & Van Dyke St,40.67363551341504,-74.01195555925369,11
695,3338,2 Ave & E 99 St,40.7862586,-73.94552579,50
696,3339,Berkeley Pl & 6 Ave,40.6765304,-73.97846879,43
697,3340,Wolcott St & Dwight St,40.6753274,-74.0100698,25
698,3341,Central Park West & W 102 St,40.795346,-73.96186,88
699,3342,Pioneer St & Richards St,40.6777748,-74.0094613,17
700,3343,W 107 St & Columbus Ave,40.7997568,-73.9621128676,49
701,3344,Pioneer St & Van Brunt St,40.679043,-74.011169,37
702,3345,Madison Ave & E 99 St,40.78948541553214,-73.95242929458618,63
703,3346,Berkeley Pl & 7 Ave,40.675146838709786,-73.97523209452629,100
704,3347,Van Brunt St & Wolcott St,40.6773429,-74.01275056,32
705,3348,Coffey St & Conover St,40.677236,-74.015665,32
706,3349,Grand Army Plaza & Plaza St West,40.6729679,-73.97087984,87
707,3350,W 100 St & Broadway,40.7973721,-73.97041192,113
708,3351,E 102 St & 1 Ave,40.7869946,-73.94164802,86
709,3352,Sigourney St & Columbia St,40.67267243410948,-74.0087952464819,26
710,3353,Reed St & Van Brunt St,40.6747844,-74.01612847,0
711,3354,3 St & Prospect Park West,40.668132,-73.97363831,63
712,3355,E 66 St & Madison Ave,40.76800889305947,-73.96845281124115,64
713,3356,Amsterdam Ave & W 66 St,40.7746671,-73.98470567,93
714,3357,W 106 St & Amsterdam Ave,40.8008363,-73.9664492472,82
715,3358,Garfield Pl & 8 Ave,40.6711978,-73.97484126,59
716,3359,E 68 St & Madison Ave,40.7691572,-73.96703464,64
717,3360,Amsterdam Ave & W 79 St,40.7829391,-73.9786517,132
718,3361,Carroll St & 6 Ave,40.6740886,-73.9787282,56
719,3362,Madison Ave & E 82 St,40.7781314,-73.96069399,105
720,3363,E 102 St & Park Ave,40.7904828,-73.95033068,48
721,3364,Carroll St & 5 Ave,40.6751622,-73.9814832,59
722,3365,3 St & 7 Ave,40.6703837,-73.97839676,75
723,3366,West End Ave & W 107 St,40.8021174,-73.9681805305,64
724,3367,5 Ave & E 103 St,40.7922553,-73.95249933,120
725,3368,5 Ave & 3 St,40.6728155,-73.98352355,93
726,3369,E 82 St & East End Ave,40.7724607,-73.9468208,72
727,3369,E 82 St & East End Ave,40.772460677893974,-73.94682079553604,72
728,3370,E 78 St & 2 Ave,40.7727966,-73.95577801,69
729,3370,78 St & 2 Ave,40.7727966,-73.95577801,69
730,3371,4 Ave & 2 St,40.674613422475815,-73.98501142859459,36
731,3372,E 74 St & 1 Ave,40.7689738,-73.95482273,128
732,3373,3 St & 3 Ave,40.6750705,-73.98775226,81
733,3374,Central Park North & Adam Clayton Powell Blvd,40.799484,-73.955613,179
734,3375,3 Ave & E 72 St,40.7699426,-73.96060712,61
735,3376,E 65 St & 2 Ave,40.76471851944339,-73.96222069859505,92
736,3377,Carroll St & Bond St,40.6786115,-73.99037292,71
737,3378,E 76 St & Park Ave,40.773763,-73.96222088,113
738,3379,E 103 St & Lexington Ave,40.7903051,-73.94755757,46
739,3381,3 St & Hoyt St,40.6777287,-73.99364123,39
740,3382,Carroll St & Smith St,40.680611,-73.99475825,116
741,3383,Cathedral Pkwy & Broadway,40.804213,-73.96699104,121
742,3384,Smith St & 3 St,40.6787242,-73.99599099,77
743,3385,2 Ave & E 105 St,40.7898175,-73.94296109,0
744,3386,1 Pl & Clinton St,40.6809591,-73.99905709,46
745,3387,E 106 St & Madison Ave,40.7934337,-73.94945003,46
746,3388,President St & Henry St,40.6828003,-73.99990419,55
747,3389,Carroll St & Columbia St,40.6830456,-74.00348559,52
748,3390,E 109 St & 3 Ave,40.79329668,-73.9432083,39
749,3391,E 106 St & 1 Ave,40.7892529,-73.93956237,26
750,3392,Commerce St & Van Brunt St,40.6812117,-74.00860912,20
751,3393,Richards St & Delavan St,40.6794327,-74.00785041,18
752,3394,Columbia St & W 9 St,40.6769993,-74.00647134,15
753,3395,Henry St & W 9 St,40.6763744,-74.00324957,0
754,3395,Henry St & W 9 St [old],40.6763744,-74.00324957,0
755,3396,Clinton St & 4 Place,40.6783563,-74.00014502,67
756,3397,Court St & Nelson St,40.6763947,-73.99869893,63
757,3398,Smith St & 9 St,40.6746957,-73.99785768,63
758,3399,7 St & 3 Ave,40.67260298150126,-73.98983001708984,27
759,3400,E 110 St & Madison Ave,40.7961535,-73.94782145,81
760,3401,2 Ave & 9 St,40.6724811,-73.99331394,20
761,3402,Court St & State St,40.6902375,-73.99203074,136
762,3403,4 Ave & 9 St,40.6705135,-73.98876585,45
763,3404,7 St & 5 Ave,40.6704922,-73.98541675,42
764,3405,5 St & 6 Ave,40.6704836,-73.98208968,33
765,3407,Union St & Nevins St,40.67909799721684,-73.98765474557877,63
766,3408,Congress St & Clinton St,40.6881529,-73.99520919,79
767,3409,Bergen St & Smith St,40.6867443,-73.99063168,202
768,3410,Dean St & Hoyt St,40.6864442,-73.98759104,43
769,3411,Bond St & Bergen St,40.6849668,-73.98620772,68
770,3412,Pacific St & Nevins St,40.6853761,-73.98302136,54
771,3413,Wyckoff St & 3 Ave,40.6827549,-73.98258555,43
772,3414,Bergen St & Flatbush Ave,40.680944723477296,-73.97567331790923,77
773,3415,Prospect Pl & 6 Ave,40.6793307,-73.97519523,67
774,3416,7 Ave & Park Pl,40.6776147,-73.97324283,0
775,3417,Baltic St & 5 Ave,40.6795766,-73.97854971,63
776,3418,Plaza St West & Flatbush Ave,40.6750207,-73.97111473,78
777,3419,Douglass St & 4 Ave,40.6792788,-73.98154004,52
778,3420,Douglass St & 3 Ave,40.6802133,-73.98432695,79
779,3421,Hoyt St & Warren St,40.6843549,-73.98901629,19
780,3422,Columbia St & Degraw St,40.6859296,-74.00242364,68
781,3423,West Drive & Prospect Park West,40.6610633719006,-73.97945255041124,123
782,3424,E 106 St & Lexington Ave,40.791976,-73.945993,25
783,3425,2 Ave & E 104 St,40.7892105,-73.94370784,63
784,3425,2 Ave  & E 104 St,40.7892105,-73.94370784,63
785,3426,JCBS Depot,40.70965083364061,-74.06860113143921,0
786,3427,Lafayette St & Jersey St,40.72430527250332,-73.99600982666016,338
787,3428,8 Ave & W 16 St,40.740983,-74.001702,0
788,3429,Hanson Pl & Ashland Pl,40.68506807308177,-73.97790759801862,269
789,3430,Richardson St & N Henry St,40.71907891179564,-73.94223690032959,71
790,3431,E 35 St & 3 Ave,40.746524,-73.977885,189
791,3432,Bike in Movie Night | Prospect Park Bandshell,40.662987,-73.976918,3
792,3432,NYCBS Depot - GOW,40.66906013501107,-73.99463653564453,3
793,3434,W 88 St & West End Ave,40.79025417330419,-73.97718340158461,91
794,3435,Grand St & Elizabeth St,40.718822,-73.99596,363
795,3436,Greenwich St & Hubert St,40.721319,-74.010065,0
796,3437,Riverside Dr & W 91 St,40.79313480986663,-73.97700369358063,48
797,3438,E 76 St & 3 Ave,40.772248537721744,-73.95842134952545,82
798,3440,Fulton St & Adams St,40.692418292578466,-73.98949474096298,192
799,3441,10 Hudson Yards,40.752957,-74.00264,30
800,3443,W 52 St & 6 Ave,40.76132983124814,-73.97982001304628,488
801,3445,Riverside Dr & W 89 St,40.79181171501098,-73.9786022901535,0
802,3447,E 71 St & 1 Ave,40.76703432309872,-73.95622730255127,114
803,3449,Eckford St & Engert Ave,40.72146256229816,-73.94800901412964,23
804,3450,Penn Station Valet - Valet Scan,40.7512836,-73.9969245,0
805,3452,Bayard St & Leonard St,40.71915571696044,-73.94885390996933,48
806,3453,Devoe St & Lorimer St,40.71335226222875,-73.9491033554077,54
807,3454,Leonard St & Maujer St,40.7103685423523,-73.94705951213837,47
808,3455,Schermerhorn St & 3 Ave,40.68680820503432,-73.98036181926727,48
809,3456,Jackson St & Leonard St,40.71638031973561,-73.94821286201477,21
810,3457,E 58 St & Madison Ave,40.76302594280519,-73.97209525108337,158
811,3458,W 55 St & 6 Ave,40.76309387270797,-73.9783501625061,330
812,3459,E 53 St & 3 Ave,40.757632277394436,-73.96930575370789,231
813,3461,Murray St & Greenwich St,40.71485150526251,-74.01122331619263,205
814,3462,E 44 St & 2 Ave,40.75118387463277,-73.97138714790344,154
815,3463,E 16 St & Irving Pl,40.735367055605394,-73.98797392845154,284
816,3464,W 37 St & Broadway,40.75227093837409,-73.98770570755005,0
817,3466,W 45 St & 6 Ave (OLD),40.75668720603179,-73.98257732391357,292
818,3466,W 45 St & 6 Ave,40.75668720603179,-73.98257732391357,292
819,3467,W Broadway & Spring Street,40.72494672359416,-74.00165855884552,255
820,3468,NYCBS Depot - STY - Garage 4,40.7303801,-73.9747502,3
821,3469,India St & West St,40.73181401720966,-73.95995020866394,51
822,3470,Gowanus Tech Station,40.66980193089616,-73.99490475654602,0
823,3470,Expansion Tech Station,40.66980193089616,-73.99490475654602,0
824,3471,NYCBS Depot - GOW Annex,40.668884157539395,-73.99481356143951,0
825,3472,W 15 St & 10 Ave,40.742753828659026,-74.00747358798981,234
826,3474,6 Ave & Spring St,40.7252556952547,-74.00412082672118,199
827,3476,Norman Ave & Leonard St,40.72576996727214,-73.9507395029068,0
828,3477,39 St & 2 Ave - Citi Bike HQ at Industry City,40.65539977447831,-74.01062786579134,15
829,3478,2 Ave & 36 St - Citi Bike HQ at Industry City,40.65708866668485,-74.00870203971863,49
830,3479,Picnic Point,40.68512559515415,-74.02535319328308,19
831,3480,WS Don't Use,0.0,0.0,0
832,3480,Washington Street (Don't Use),0.0,0.0,0
833,3481,York St,40.71649,-74.04105,0
834,3485,NYCBS Depot - RIS,40.725208,-73.974724,5
835,3486,Schermerhorn St & Bond St,40.688417427540834,-73.98451656103134,109
836,3487,Prototype Lab Motivate Headquarters,40.65659567482039,-74.00849282741547,0
837,3488,8D QC Station 01,45.506364054011385,-73.5694634914398,0
838,3489,Gold St & Frankfort St,40.71069994631387,-74.00354146957397,101
839,3490,E 116 St & 2 Ave,40.796879,-73.937261,30
840,3491,E 118 St & 1 Ave,40.79747,-73.93504,30
841,3492,E 118 St & Park Ave,40.8005385,-73.9419949,8
842,3493,E 118 St & 3 Ave,40.799139,-73.9389152,27
843,3494,E 115 St & Lexington Ave,40.797911,-73.9423,36
844,3495,E 114 St & 1 Ave,40.7945663,-73.9362541,7
845,3496,1 Ave & E 110 St,40.7923272,-73.9383,68
846,3497,Pleasant Ave & E 116 St,40.7949879,-73.9333349,47
847,3498,Pleasant Ave & E 120 St,40.7974772,-73.9311847,28
848,3499,2 Ave & E 122 St,40.8006721,-73.9349,8
849,3500,E 115 St & Madison Ave,40.7989445,-73.944846,21
850,3501,E 118 St & Madison Ave,40.8014866,-73.9442507,24
851,3502,Lexington Ave & E 111 St,40.7954121,-73.9441232,43
852,3503,Madison Ave & E 120 St,40.80295,-73.942954,14
853,3504,E 123 St & Lexington Ave,40.8029263,-73.9379,22
854,3505,Lexington Ave & E 127 St,40.805726,-73.936322,14
855,3506,Lexington Ave & E 120 St,40.8013066,-73.9398167,13
856,3507,Park Ave & E 124 St,40.8045555,-73.9396861,148
857,3508,St Nicholas Ave & Manhattan Ave,40.809725,-73.953149,56
858,3509,Lenox Ave & W 115 St,40.8011939,-73.9500739,34
859,3510,Adam Clayton Powell Blvd & W 123 St,40.8078316,-73.949373,39
860,3511,Adam Clayton Powell Blvd & W 115 St,40.802535,-73.9532423,48
861,3512,27 Ave & 4 St,40.7747175,-73.9337894,4
862,3513,21 St & Hoyt Ave S,40.774645,-73.923706,19
863,3514,Astoria Park S & Shore Blvd,40.7767,-73.927631,23
864,3515,24 Ave & 26 St,40.774591,-73.918544,31
865,3516,31 St & Astoria Blvd,40.7699176,-73.9184057,63
866,3517,31 St & Hoyt Ave N,40.7711528,-73.9170074,42
867,3518,Lenox Ave & W 126 St,40.808442,-73.9452087,56
868,3520,Adam Clayton Powell Blvd & W 118 St,40.804372,-73.951475,23
869,3521,Lenox Ave & W 111 St,40.7987859,-73.9523,128
870,3522,37 St & 24 Ave,40.7701477,-73.9120938,23
871,3523,24 Ave & 29 St,40.7729,-73.916142,12
872,3524,19 St & 24 Ave,40.7774552,-73.9225403,37
873,3525,23 Ave & 27 St,40.776165,-73.9153175,3
874,3526,31 St & 23 Ave,40.7747878,-73.9125551,56
875,3527,5 Ave & E 126 St,40.80698,-73.941747,26
876,3528,Steinway St & 23 Ave,40.7713937,-73.9077436,17
877,3529,Lenox Ave & W 130 St,40.8107922,-73.9430681,55
878,3530,Crescent St & Ditmars Blvd,40.7787185,-73.9145645,25
879,3531,Frederick Douglass Blvd & W 129 St,40.8125511,-73.9492286,34
880,3532,Ditmars Blvd & 19 St,40.78145,-73.9183302,21
881,3533,St. Nicholas Ave & W 126 St,40.8114323,-73.9518776,31
882,3534,Frederick Douglass Blvd & W 117 St,40.805159,-73.954692,103
883,3535,Mt Morris Park W & W 120 St,40.804038,-73.945925,42
884,3536,W 116 St & Broadway,40.8082,-73.9641,58
885,3537,Carlton Ave & Dean St,40.6809741,-73.9710097,50
886,3538,W 110 St & Amsterdam Ave,40.802692,-73.96295,92
887,3539,W 116 St & Amsterdam Ave,40.8067581,-73.9607082,65
888,3540,Morningside Ave & W 123 St,40.81,-73.9551508,48
889,3541,Amsterdam Ave & W 125 St,40.813358,-73.956461,34
890,3542,Amsterdam Ave & W 119 St,40.8086249,-73.9596214,48
891,3543,Morningside Dr & Amsterdam Ave,40.81028506306003,-73.95736455917358,17
892,3544,Underhill Ave & Pacific St,40.6804836,-73.9646795,60
893,3545,Broadway & W 122 St,40.8120562,-73.9612547,30
894,3546,Pacific St & Classon Ave,40.6791944,-73.9587903,15
895,3547,Broadway & Moylan Pl,40.8143256,-73.9590255,50
896,3548,Pacific St & Bedford Ave,40.6777747,-73.9529322,0
897,3549,Grand Ave & Bergen St,40.678045,-73.962408,39
898,3550,Convent Ave & W 129 St,40.81413,-73.953005,0
899,3551,3 Ave & E 112 St,40.795508,-73.941606,24
900,3552,W 113 St & Broadway,40.805973,-73.964928,86
901,3553,Frederick Douglass Blvd & W 112 St,40.801694,-73.957145,102
902,3554,Vernon Blvd & 41 Rd,40.7552433,-73.9485678,11
903,3555,28 St & 41 Ave,40.751047,-73.93797,47
904,3556,24 St & 41 Ave,40.7527085,-73.9397405,39
905,3557,40 Ave & 9 St,40.75742,-73.945133,9
906,3558,Bergen St & Vanderbilt Ave,40.6794388,-73.9680438,35
907,3559,21 St & 38 Ave,40.7576314,-73.9391224,1
908,3560,28 St & 38 Ave,40.754876,-73.934326,14
909,3561,37 Ave & 35 St,40.7531106,-73.9279917,26
910,3562,Classon Ave & St Marks Ave,40.6765198,-73.9596082,62
911,3563,28 St & 36 Ave,40.757186,-73.932719,27
912,3564,21 St & 36 Ave,40.7601853,-73.9362726,7
913,3565,36 Ave & 10 St,40.7614376,-73.9411265,18
914,3566,Crescent St & 35 Ave,40.7596276,-73.9321455,21
915,3567,11 St & 35 Ave,40.7627442,-73.9391141,7
916,3568,34 St & 35 Ave,40.7569332,-73.9262231,50
917,3569,Franklin Ave & St Marks Ave,40.6758324,-73.9561677,40
918,3570,35 Ave & 37 St,40.7557327,-73.9236611,27
919,3571,Bedford Ave & Bergen St,40.676368,-73.952918,22
920,3572,34 Ave & 38 St,40.756913,-73.921631,57
921,3573,35 St & 34 Ave,40.7580583,-73.9242751,16
922,3574,Prospect Pl & Underhill Ave,40.6769694,-73.96579,44
923,3575,Crescent St & 34 Ave,40.76108,-73.930562,12
924,3576,Park Pl & Vanderbilt Ave,40.6767,-73.969024,61
925,3577,34 Ave & 21 St,40.7628138,-73.9342862,22
926,3578,Park Pl & Franklin Ave,40.6741806,-73.9564947,32
927,3579,Sterling Pl & Bedford Ave,40.672695,-73.954131,26
928,3580,St Johns Pl & Washington Ave,40.6737236,-73.9631611,45
929,3581,Underhill Ave & Lincoln Pl,40.6740123,-73.9671457,41
930,3582,Lincoln Pl & Classon Ave,40.6721683,-73.9609,15
931,3583,Eastern Pkwy & Washington Ave,40.6716493,-73.9631145,36
932,3584,Eastern Pkwy & Franklin Ave,40.6707767,-73.9576801,58
933,3585,Union St & Bedford Ave,40.6691783,-73.9554162,15
934,3586,34 Ave & 13 St,40.7638753,-73.9364848,12
935,3587,Carroll St & Washington Ave,40.6686744,-73.9618148,12
936,3588,Vernon Blvd & 10 St,40.7671863,-73.9373554,31
937,3589,Broadway & 12 St,40.7668,-73.9347774,9
938,3590,Carroll St & Franklin Ave,40.6679411,-73.9588,9
939,3591,21 St & 31 Dr,40.7659,-73.930819,21
940,3592,Crescent St & Broadway,40.7633589,-73.9286471,28
941,3593,31 St & Broadway,40.761584,-73.925921,87
942,3594,Montgomery St & Franklin Ave OLD,40.6661649,-73.9593484,0
943,3595,35 St & Broadway,40.760339,-73.9222427,21
944,3596,Sullivan Pl & Bedford Ave,40.6642406,-73.9574686,6
945,3597,43 St & Broadway,40.7577284,-73.9166368,25
946,3598,Newton Rd & 44 St,40.7595701,-73.9142678,16
947,3599,Franklin Ave & Empire Blvd,40.66314,-73.9605695,44
948,3601,Sterling St & Bedford Ave,40.6627059,-73.9569115,12
949,3602,31 Ave & 34 St,40.763154,-73.920827,38
950,3603,31 Ave & 30 St,40.7647,-73.9240312,24
951,3604,Rogers Ave & Sterling St,40.6630619,-73.9538746,20
952,3605,31 Ave & Crescent St,40.7658346,-73.9265474,33
953,3606,49 Ave & 21 St,40.74252,-73.948852,26
954,3607,31 Ave & 14 St,40.7682,-73.9322662,17
955,3608,5 St & 51 Ave,40.7423737,-73.9566,23
956,3609,Vernon Blvd & 31 Ave,40.7692475,-73.9354504,0
957,3610,Vernon Blvd & 30 Rd,40.770845,-73.934171,52
958,3611,Vernon Blvd & 47 Rd,40.7449067,-73.9534573,47
959,3612,30 Ave & 21 St,40.7703743,-73.9286078,13
960,3613,Center Blvd & 48 Ave,40.745038,-73.957539,35
961,3614,Crescent St & 30 Ave,40.768692,-73.9249574,32
962,3615,44 Dr & 21 St,40.748,-73.9460927,36
963,3616,Steinway St & 28 Ave,40.7656251,-73.9136695,0
964,3617,28 Ave & 35 St,40.7671,-73.9169858,43
965,3618,27 St & Hunter St,40.7485,-73.941275,21
966,3619,Newtown Ave & 23 St,40.7713615,-73.9246145,27
967,3620,11 St & 43 Ave,40.7519071,-73.9479119,0
968,3621,27 Ave & 9 St,40.7739825,-73.9309134,17
969,3622,E 128 St & Madison Ave,40.80756,-73.939182,35
970,3623,W 120 St & Claremont Ave,40.8109494,-73.9634,60
971,3625,28 St & 40 Ave,40.7525758,-73.9364281,6
972,3628,Lenox Ave & W 117 St,40.8025566,-73.9490782,44
973,3629,Adam Clayton Powell Blvd & W 126 St,40.809495347779475,-73.94776493310928,19
974,3631,Crown St & Bedford Ave,40.666563,-73.956741,22
975,3632,E 12 St & Avenue B,40.728048571362606,-73.97881150245667,253
976,3633,333 Johnson TEST 1,0.0,0.0,0
977,3635,W 36 St & 9 Ave,40.75462324029105,-73.99516761302948,442
978,3636,Expansion Warehouse 333 Johnson Ave,40.707731483954696,-73.93452286720276,0
979,3637,Fulton St & Waverly Ave,40.683238654603414,-73.96599590778351,64
980,3639,Harborside,40.7192517,-74.034234,0
981,3641,Broadway & W 25 St,40.74286877312112,-73.98918628692627,470
982,3642,E 98 St & Lexington Ave,40.78728519860952,-73.95012259483337,0
983,3643,E 41 St & 5 Ave,40.75272201381189,-73.98123621940613,0
984,3644,Van Dyke St & Van Brunt St,40.67581622522832,-74.01488184928894,51
985,3645,Pathmark Depot,40.67233267189711,-73.997061252594,0
986,3646,35 Ave & 10 St,40.76315481910373,-73.93985509872437,13
987,3647,48 Ave & 30 Pl,40.74128309355993,-73.93725872039794,12
988,3648,Flushing Ave & Vanderbilt Ave,40.69795031569544,-73.97077560424805,69
989,3649,W 129 St & Convent Ave,40.814394437915816,-73.95324736833572,30
990,3650,8D Mobile 01,45.505850638767235,-73.56910943984985,0
991,3650,8D Mobile 01,45.50626419100119,-73.56890559196472,0
992,3652,NYCBS Depot - 3AV,40.670133282374,-73.9923083782196,0
993,3653,31 St & 35 Ave,40.75820464696758,-73.92832159996031,19
994,3654,31 St & Northern Blvd,40.75186951421875,-73.93349289894103,13
995,3656,E 2 St & Avenue A,40.72307749068673,-73.98583620786667,197
996,3658,W 18 St & 9 Ave,40.7435337324616,-74.00367558002472,278
997,3659,W 17 St & 9 Ave,40.74294891660091,-74.00413691997528,324
998,3660,W 16 St & 8 Ave,40.741021509002664,-74.001384973526,0
999,3661,Montgomery St & Franklin Ave,40.666439306870814,-73.9605563879013,8
1000,3662,31 Ave & Steinway St,40.761293897289086,-73.916916847229,29
1001,3663,Sterling Pl & 7 Ave,40.67716489469059,-73.973827958107,115
1002,3664,North Moore St & Greenwich St,40.72019521437465,-74.0103006362915,255
1003,3666,32 St & 30 Ave,40.766425527028794,-73.92062902450562,0
1004,3668,Leonard St & Nassau Ave,40.7239567849954,-73.94984364509583,71
1005,3669,Henry St & W 9 St,40.67630357634183,-74.00314047932623,2
1006,3671,E 81 St & 2 Ave,40.774779448957275,-73.95427465438843,52
1007,3672,Apache,40.66976709185003,-73.99474382400513,0
1008,3673,Dean St & Franklin Ave,40.67759206937376,-73.955637216568,54
1009,3674,Jay St & York St,40.70140317257725,-73.98672670125961,226
1010,3675,3 Ave & E 95 St,40.78459679884891,-73.94968539476395,48
1011,3676,Van Brunt St & Van Dyke St,40.6758329439129,-74.01472628116608,0
1012,3680,E 43 St & 5 Ave,40.754120810779256,-73.98025184869766,218
1013,3681,Grand St,40.71517767732029,-74.03768330812454,0
1014,3683,Smart Cities Conference,40.71015471094912,-73.98453533649443,0
1015,3684,W 12 St & W 4 St,40.73756121181137,-74.00398269295692,208
1016,3685,Prospect Park - 5 Year Anniversary Celebration,40.66065236872916,-73.9645904302597,0
1017,3686,Gansevoort St & Hudson St,40.73944820130403,-74.00507032871246,0
